author,text,published_at
@NiningKurniawati-j5e,Itu dari mana downloadnya,2025-09-22T04:04:01Z
@MuhNoval-y7e,miawaug coba kalau berhenti berkerja di game 🤔🤔🤔,2025-09-21T13:28:59Z
@JunaAzhar,kok telor nya k9k,2025-09-21T13:04:29Z
@RagilWijaya-v1j,dah lama gak nonton bang regi jadi dikit2 kaget wkwk😂,2025-09-21T12:14:07Z
@felisya_off,"heran deh, kenapa orang yang obses malah nyakitin cewek yang diobsesinnya???",2025-09-21T11:23:44Z
@pratamayuda9445,banyak bener iklannya,2025-09-21T10:06:12Z
@RaniaHayfa,Oaeokfotopt13,2025-09-21T08:53:16Z
@just_fryy,"anjir la, mirip kek di anime ai Hoshino🗿",2025-09-21T07:38:41Z
@zaky-r8x,"<a href=""https://www.youtube.com/watch?v=uNgCzh-WAx8&amp;t=792"">13:12</a> itu Prabowo gibran  atau jumbo?😂",2025-09-21T07:03:01Z
@ProvinsiIndonesia-p2s,Suka banget sama miawaug,2025-09-21T06:20:10Z
@MegaSaraswati-m3j,Aku dulu dari keluarga miskin. Tidak ada lauk saja aku makan gandum dicampur air terus aku makan nasi sama air garam 😢<br><br><br>Tapi sekarang aku udh bisa makan enak,2025-09-21T05:13:15Z
@Bilcor88,Pas udh 1 jam an pembuatnya typo cuy jadi viktro😂,2025-09-21T04:08:01Z
@Amreditzzz,Kan bisa dibungkus habis itu bawa pulang nasi gorengnya sama telur nya,2025-09-21T03:05:50Z
@CelsyPutri-h1x,Kak regi maaf aku gk pernah nonto kak regi y karna aku bermain roblox,2025-09-21T02:32:20Z
@Rin_chan_T-R,𝙿𝚊𝚜 𝚋𝚐𝚝 𝚕𝚐𝚒 𝚖𝚊𝚔𝚊𝚗 𝚗𝚊𝚜𝚐𝚘𝚛😅,2025-09-21T00:48:49Z
@Agus1234-h8m,game apa itu bang,2025-09-21T00:26:29Z
@ReysaFiolandari,Halo Kakak selamatkan dari kota Tangerang dari Banten ya kakak🥰🥰🥰🥰  semangat ya bikin kontennya Nanti aku nonton selalu kakak Kak semoga banyak yang penontonnya ya yang lihat Kakak 😊😊😊😊😊😊 Kak jangan lupa ya dibales,2025-09-20T11:40:17Z
@Kiranakriting,Sama gua juga kaget,2025-09-20T11:29:30Z
@MohammadAdamAdam-e1v,Bang koleb samaa Billy yang suka main game horor,2025-09-20T09:45:31Z
@Channel-we2nh,saya menonton miauaug dari umur 4 atau 5 tahun,2025-09-20T09:32:20Z
@AryaHafiy,Ada ending lain kak regi,2025-09-20T06:45:22Z
@wirayuda7174,Aku cari game nya di playstore nggak ada,2025-09-20T06:11:07Z
@joejoeaja714,kok gak ada ya aku mau download,2025-09-20T05:35:23Z
@LutfiUfi-d5m,Kasih caranya bang,2025-09-20T01:49:41Z
@PenggunaA5,😮,2025-09-19T15:21:06Z
@Raraa_nifahh,pas banget lagi makan nasi goreng,2025-09-19T11:12:13Z
@hikori_chan,Ada yg sadar?yg beli ga bayay😇,2025-09-19T08:39:56Z
@sakaaaaaaaaaaaaaaaaaaaaaaaaa,bang lu gak pernah barantem,2025-09-19T06:56:51Z
@MarshaBryan-t7f,This is so satisfying.,2025-09-19T06:35:57Z
@ValeriInrikarwur,Ka nama geme nya apa,2025-09-19T04:05:13Z
@SikunirSikunir-i3l,"<a href=""https://www.youtube.com/watch?v=uNgCzh-WAx8&amp;t=698"">11:38</a> detik2 kaget😂",2025-09-18T23:10:02Z
@mochriko6798,gw cari game ini di pleystore gak ada😢,2025-09-18T20:35:52Z
@Krniarhm,Mia aug lucu sekaliii😂,2025-09-18T14:34:34Z
@AgusparjosParjos02,Fljdjfsljfll ufjf um hlllcg t gllhlpj lah g yfhrblnbbltn hlrmyfpg vlyng byl lhbculn gdplnl CV yg zpnltp xp yg nlfj fl yg dl gllcl er t MB t f nya BB yg x l td y CV r MH gl😢😂😢 td 😢vvl😢d 😅🥳🥳😍🥰😘😚😙🙏👏,2025-09-18T13:16:40Z
@AgusparjosParjos02,Rgcvfcvvvtv gvvtvsgbb vvtggfufshzzllvdlzeclla by lklfjfflshgl vyllxn ylllf glldjlr hldjl. Ltdn lfsn ll hld cllnlfnvlnllclnllfnltfbtdbdhyxyl Nn GK lthllf gllldjl lhllldl vll f,2025-09-18T13:15:19Z
@anggrainiputri-q8s,Sumpah😢,2025-09-18T08:34:40Z
@anggrainiputri-q8s,Mama Mia lezatos😂,2025-09-18T07:44:07Z
@BfjadjhNfsidj,Dual-language captions expand global reach.,2025-09-18T00:40:41Z
@faizmuhrizalofficial,siapa yang nonton video ini karena suka nasi goreng,2025-09-18T00:31:37Z
@rohmatsupriatna9205,Tiba tiba jumcsar😢,2025-09-17T18:54:27Z
@snaurorraa.,endingnya ngakak muter2 😂,2025-09-17T18:07:30Z
@LyievianapasaymaShilta,Sama bang:),2025-09-17T14:12:51Z
@AlfianSaputra-s3l,Kok di Palembang harga nasi goreng cuma 10 ribu,2025-09-17T13:09:32Z
@dinkzpublic2740,Banyak gaya viktor rsakan terajang nya🤣,2025-09-17T11:43:13Z
@Xeran.07,"<a href=""https://www.youtube.com/watch?v=uNgCzh-WAx8&amp;t=1872"">31:12</a> kan yg pesan yg kabur itu",2025-09-17T08:06:29Z
@cucuhapsari5869,Bag game mabar ama kawan kawan pisahin gua suka yang mabar mabar,2025-09-17T07:54:53Z
@Ifah-x8i,Bang main game deesa meraung kidul,2025-09-17T07:54:43Z
@ServasDhae,Banggg baru mau nonton ampe abiss malah aku less😢😢😢,2025-09-17T07:46:53Z
@Xeran.07,"<a href=""https://www.youtube.com/watch?v=uNgCzh-WAx8&amp;t=1535"">25:35</a> baru inget itu bumbu lain nya gk dikasih?",2025-09-17T07:39:01Z
@hermawansusanto1169,000000,2025-09-17T07:31:50Z
@AbdulSukma-m4d,A♂️🦻 aku ihsanz,2025-09-17T06:07:54Z
@YuliWin-s3h,Mukanya kayak Biter Parker Lo padahal,2025-09-17T04:17:45Z
@reeyavalentino,nonton ini sambil makan nasgor goreng,2025-09-17T02:20:16Z
@MillaSulistiawati,bagus bet endingnya,2025-09-17T00:18:10Z
@KendrickClaycomb,Underserved language niches offer outsized search opportunity.,2025-09-16T23:07:37Z
@cntaayy8,"ending kebeneran miawaug mrinding,tapi aku sedih 😔💔",2025-09-16T11:37:34Z
@urfyizr,Bang ini game apa bang kalau tau cakap dong😅,2025-09-16T10:14:58Z
@aksballs,"<a href=""https://www.youtube.com/watch?v=uNgCzh-WAx8&amp;t=3954"">1:05:54</a>",2025-09-16T09:31:58Z
@aksballs,"<a href=""https://www.youtube.com/watch?v=uNgCzh-WAx8&amp;t=3931"">1:05:31</a> 🤣🤣🤣🤣🤣🤣🤣",2025-09-16T09:29:13Z
@deniislahdirihaiden,Akan saya coba resepnya mantab wkwkwk,2025-09-16T09:12:44Z
@RaffaMohamad-l2e,😊😊😊😊,2025-09-16T07:04:22Z
@MasniMasni-nw5ks,3M mask 🙀,2025-09-16T07:02:42Z
@SenseiDhann,ni orang kontennya ga ada matinya,2025-09-15T23:17:28Z
@MulatiyuliMulati,bangkanalkabliy,2025-09-15T11:42:07Z
@halizahchunli2048,OK,2025-09-15T08:52:08Z
@aksballs,"<a href=""https://www.youtube.com/watch?v=uNgCzh-WAx8&amp;t=1960"">32:40</a> <br>Di Pintu ✖️<br>Di Karpet ✓",2025-09-15T07:31:58Z
@aksballs,"<a href=""https://www.youtube.com/watch?v=uNgCzh-WAx8&amp;t=837"">13:57</a> Wkwkwk 🤣🤣🤣🤣",2025-09-15T07:11:38Z
@xjanx2,"Viktornya sus <br><a href=""https://www.youtube.com/watch?v=uNgCzh-WAx8&amp;t=3233"">53:53</a>",2025-09-15T03:53:29Z
@diahprayoni,apasi lucu bangettt 😂,2025-09-15T03:11:35Z
@JimarJimar-i6j,❤❤❤❤❤❤❤❤❤❤❤❤❤❤❤❤🎉🎉🎉🎉🎉🎉🎉🎉🎉🎉🎉🎉🎉🎉🎉🎉,2025-09-15T02:02:35Z
@AlifShahAidid,Ya bang AI nya udh byr sih,2025-09-14T15:12:44Z
@AqillahAprilliyani,Dinda kan teman aku luh di sekolah😊😊😊😊🎉🎉🎉❤❤,2025-09-14T14:54:46Z
@BonBoni-ob5kz,13.13 Jumbo kak Regi?💀,2025-09-14T14:47:33Z
@fajarkayla8575,Kaket gua,2025-09-14T13:46:29Z
@DuoBiru,Kata bang miawaug kan ada kelanjutannya apakah nnti perjalanan nyaa berkelanjutan lagi?,2025-09-14T13:36:49Z
@ayolahsubscribe,Dapur nya sama bentuk nya kayak dapur dirumahku😢 btw aku lanang,2025-09-14T13:13:42Z
@bregancraft-rm6vt,ITU NAMA ANAK SAYA MAS REGI,2025-09-14T11:14:03Z
@SitiMardiyatun-x1d,Pas viktor berantem viktor malah berantem ama angin😭🤣🤣🤣(R.I.P anhin😅),2025-09-14T09:09:43Z
@putriaprillia-h4u,Horor gkk,2025-09-14T08:33:22Z
@SeanHassan,Donation goals in live streams work better with specific outcomes.,2025-09-14T08:24:49Z
@Krisn_S,"main horror terus ka regi, kali kali game adventure kek gitu kaya yang kenna bridge of spirit sama stray",2025-09-14T08:20:49Z
@sainahsainah6249,dimana donlot game,2025-09-14T03:51:09Z
@DelaAzalia-g1e,Kagettt gue kocakk😓jantung,2025-09-14T02:14:56Z
@MurniaNia-z3x,𝘾𝙪𝙣𝙜 𝙮𝙜 𝙣𝙤𝙣𝙩𝙤𝙣𝙞𝙣 𝙢𝙞𝙖𝙬𝙖𝙪𝙜 𝙙𝙧 2020,2025-09-13T23:35:45Z
@KadekWardani-z8i,Warung nasgor adudu,2025-09-13T14:59:29Z
@hirihyuga2239,💙,2025-09-13T14:14:18Z
@sukriIla,Apa nama gem nya,2025-09-13T13:00:28Z
@kandiskota8093,Pas mamah nya di toilet aku nyebut hewan ini🐖,2025-09-13T12:45:16Z
@RamadhanPutra-g4t,Astaga gaya helikopter😂😂😂,2025-09-13T12:43:01Z
@sunartivivo9322,😊,2025-09-13T09:28:38Z
@ghaidafathin4280,HAHAHA ASTAGA ngikik banget di ending ke 4 😭😭 beneran bikin ketawa ngeliat jurus viktor,2025-09-13T08:17:28Z
@classyaccount,krik krik krik krik,2025-09-13T07:37:53Z
@SteveNaufal,Aku suka telur dadarrrr 😊😊😊😊😊😊❤😊❤😊❤😊❤😊❤😊❤,2025-09-13T07:11:07Z
@IbuWiwi-q6k,Adaa,2025-09-13T06:30:52Z
@TempatCatatanRapi,1.05.11 Digaruk-Garuk,2025-09-13T05:58:08Z
@Liazahara-eu4uo,"gw subscriber lama dri awal kak regi debut,slama ini cuma nonton aja gapernah komen wkwk",2025-09-13T05:33:33Z
@MelindaIrawati-b3o,Lagi makan piring nya ga sengaja kesenggol 😂😂 gara² kagetttt,2025-09-13T04:42:10Z
@m.faizakbar1447,"Sarapan jam <a href=""https://www.youtube.com/watch?v=uNgCzh-WAx8&amp;t=1350"">22:30</a> WIB 🤔",2025-09-13T03:58:51Z
@MeyditaFahirapuspadewi,😭😭😭😭😭😭😭😭😭😭😭💔💔💔💔💔💔💔💔💔☪,2025-09-13T03:41:39Z
@MeyditaFahirapuspadewi,😭😭😭😭😭,2025-09-13T03:37:43Z
@Akhtar-cd9nr,ih seru bangets,2025-09-13T03:36:10Z
@Amarprozz,Saya yang orang Malaysia suke lihat horror lndo,2025-09-13T03:21:02Z
@alfakihi1263,Sepatulabang,2025-09-13T02:17:24Z
@itzz_ranu,Gw kaget pas dia mimpi pas mau ngecek diluar dia nya muncul di cermin kan kaget gw 😅😅😅😅,2025-09-13T02:03:32Z
@RedmiDelapan-tm9qw,Bang Reki kok ngak pernah main game Minecraft 😮,2025-09-13T00:21:18Z
@riska2512,Itu game apa,2025-09-12T15:13:53Z
@aangalaxy8691,makasihh bangg udaaa ngehiburr akuu dariii sd sampaii kiniii kelass 1 smk channel inii berjasaaa,2025-09-12T15:12:27Z
@liya_imup,"Pas adegan <a href=""https://www.youtube.com/watch?v=uNgCzh-WAx8&amp;t=3230"">53:50</a> situ aku kayak takut buat nonton😭😭😭😭😭😭",2025-09-12T11:39:14Z
@zizkojima,"<a href=""https://www.youtube.com/watch?v=uNgCzh-WAx8&amp;t=362"">6:02</a> nonton sambil makan telor🗿",2025-09-12T08:23:25Z
@Ohmykeikei429,kak kan modinner pernah main nama akun nya modinner,2025-09-12T06:24:41Z
@BintangBintang-x4z,Bang coba main fnaf 2 raimagined di Roblox bang😁,2025-09-12T06:15:38Z
@ahmadyusup-q6m,ka regi coba main game horor baca alquran susah dan seram pokonya,2025-09-11T14:50:29Z
@elisajuliana6775,Nang regi main game daendam nenek kanibal itu game Agung Arip juga plliiiiiissss,2025-09-11T14:08:51Z
@Adinda_11-s3j,ini gamenya apa sj gua cri diplay stor gaada,2025-09-11T04:57:49Z
@honney107,🔥🔥🔥,2025-09-10T14:43:36Z
@AlkhaAldi,the following the what<br>dude thef wras how much<br>yesterday 🏴‍☠️🏴‍☠️🏴‍☠️,2025-09-10T14:16:07Z
@englishlearningbymaya,Bank main game granny 52 wake up lagi bang udah ada updatenya,2025-09-10T14:00:50Z
@erikadestariana6835,KOSNSNP❤❤😊😊LSLS,2025-09-10T11:36:00Z
@MichaelHanasbey,Siapa disini kaget juga ayo absen 😢☝🏽,2025-09-10T11:18:20Z
@RayyDinata-u6o,Seru banget bang,2025-09-10T10:33:14Z
@RayyDinata-u6o,Hai,2025-09-10T10:30:42Z
@RayyDinata-u6o,Hai bang,2025-09-10T10:30:17Z
@putrikarn,"Udah sedih2 malah liat ending terakhir bikin ngakak, kesimpulannya pulang kerumah gak usah kunci pintu guys",2025-09-10T10:11:40Z
@Saidilyamin,Kak regi coba main game hotel simulator,2025-09-10T09:15:36Z
@RahmatSkw-f3q,Apa nama game bang🤔🤔🤔,2025-09-10T09:13:03Z
@NAZI-k6s9o,Aduh gak kerasa udah 2025 cepat banget ya dulu ada meme tahun 2023-2021 😅,2025-09-10T09:03:42Z
@AmirulHaq-fx7lf,Rifyu rumah kak regi dong<br>😊🎉,2025-09-10T07:22:38Z
@lsiah2346,Gwe langsung craving nasi goreng telur😭🤣,2025-09-10T06:20:07Z
@FitriahNurulhasanah,Nama permainannya apah bang,2025-09-10T02:57:01Z
@wahyukurniawan4873,mantap kak regi,2025-09-09T19:21:03Z
@yanandrihsb,Aku suka banget  film  ini pokoknya  dari pada yang lain 🥰🥰🥰🥰,2025-09-09T15:31:51Z
@DewaNova-p1r,Di Bali 10rb sama 7 RB yg porsi anak ank,2025-09-09T12:55:35Z
@SitiFatimah-v7r,"<a href=""https://www.youtube.com/watch?v=uNgCzh-WAx8&amp;t=699"">11:39</a> mama mia lozatos wkwkwkwkwkwkk😂😂😂😂😂",2025-09-09T11:00:16Z
@AGILINDRQ,Sumpah menit 11 kaget bener 😂😂 kak regi mukanya Sampek beda😂😂😂,2025-09-09T10:33:51Z
@arisCrot-w6u,padahal  aku udah siap siap biar gk kaget tpi tetep aj kaget,2025-09-09T09:48:39Z
@nurradi5081,iya,2025-09-09T09:10:10Z
@raninurendah9490,Kak miuwawu dara nama aku 😅,2025-09-09T05:29:47Z
@MutiaraSenja-gx2fb,main ke Jember bang.. nasgor 10rb ajaa 😊,2025-09-09T03:53:38Z
@ElzaSohibulumam,Bang anti makan ya soalnya gak pernah makan,2025-09-09T02:47:51Z
@hermawansusanto1169,sukisukisuki 100 ×,2025-09-08T17:49:48Z
@nurpecel,Viktor vikiran kotor 😂😂😂😂,2025-09-08T13:51:40Z
@verlitaagustin,Awas miawaug di belakang toko bunga awas miawaug adik kok dipikirin nanti kau kalau balik hati-hati bae itu di samping toko kau toko nasi goren,2025-09-08T08:21:14Z
@verlitaagustin,Miawaug pacaran gajah kalau dilempar film miawaug dilempar bagi meledak 2 langsung ganti namanya,2025-09-08T08:18:34Z
@afz_cantik12,Bisa gak sih pas di tusuk itu langsung lari gak usah liat kebelakang 😡,2025-09-08T07:36:29Z
@str.vraa27,"<a href=""https://www.youtube.com/watch?v=uNgCzh-WAx8&amp;t=2956"">49:16</a> &quot;dia lagi dia lagi_😂",2025-09-08T06:35:30Z
@Yuenda-g8e,Karegi nanti live streaming main game Roblox main versi 99 malam,2025-09-08T05:47:24Z
@pandamager2,❤,2025-09-08T04:49:59Z
@littlegirl380,"<a href=""https://www.youtube.com/watch?v=uNgCzh-WAx8&amp;t=3957"">1:05:57</a> anjir tendangan helikopter😹😹😹",2025-09-08T03:02:52Z
@alifdwialdiansyah,"<a href=""https://www.youtube.com/watch?v=uNgCzh-WAx8&amp;t=791"">13:11</a> jumbo ya 😂",2025-09-08T02:07:03Z
@ManMan-z7d6o,Kayak Sabun bolong 🤨🤨🤨🤨🤨,2025-09-07T18:52:09Z
@devipriyanti4930,"Ngakak waktu ada pembeli pertama,tiba tiba banget lupa bahan pertama yang harus di masukin🤣🤣",2025-09-07T11:18:43Z
@REYSAANDIRAMADHANI,jadi mau nyoba night shift deh,2025-09-07T10:47:41Z
@RudyJayaSaputra,Buakakakakak wkwkwk wkwkwk wkwkwk mantuapss 🤣,2025-09-07T10:08:21Z
@hadiidd,"udh lama ga nonton miawaug, terakhir kayaknya pas main the last of us, setelah itu sibuk sama dunia, skrg lg gabut dan niat mau nonton miawaug mainin game2 story yang baru, tpi pas lihat channelnya knp isinya game2 random begini? wkwkwkwk",2025-09-07T08:56:42Z
@riskiyuanitakomalasari3853,Gk main epep lagi🗿,2025-09-07T07:49:34Z
@RosdiYoktin,Kok gitu muka ibunya 😂,2025-09-07T06:40:10Z
@AltCrashtappen,"<a href=""https://www.youtube.com/watch?v=uNgCzh-WAx8&amp;t=792"">13:12</a> alamak ada baju kampanye prabowo dan gibran wkwkkwkw<a href=""UCkszU2WH9gy1mb0dV-11UJg/KsIfY6LzFoLM6AKanYDQAg""></a><a href=""UCkszU2WH9gy1mb0dV-11UJg/KsIfY6LzFoLM6AKanYDQAg""></a>",2025-09-07T06:30:12Z
@Anggalaraya,"<a href=""https://www.youtube.com/watch?v=uNgCzh-WAx8&amp;t=3956"">1:05:56</a> 🗿🗿🗿🗿🗿",2025-09-07T06:23:19Z
@BariAlmuiz,Kenapa gak pakek kerupuk bang kan makan nasi goreng enakan pakek kerupuk,2025-09-07T05:18:50Z
@Galonkayangan-l8i,Demi apa bg regi dulu orang susah?,2025-09-07T04:56:56Z
@NAUFAL_ali268,ending terakhirnya wkwkwkwkkwwkk,2025-09-07T04:36:59Z
@VANZO-t9c,Lah kok mirip rumah di last laugh bang 🤔🤔🤔,2025-09-07T03:54:59Z
@its_nurii,deg deg an bgt nontonnyaa😭😭😞,2025-09-07T02:04:09Z
@FullAuraMC,Kenapa hitam,2025-09-07T00:17:55Z
@syifashafa6836,sumpah piring kok di lempar untuk di dunia game kalo dunia nyata dah pecah tuh piring😆😆😆😆😆,2025-09-06T20:38:08Z
@widiantosolo3941,😊😊😊😊😊😊😊,2025-09-06T20:36:16Z
@EstherCH7,"<a href=""https://www.youtube.com/watch?v=uNgCzh-WAx8&amp;t=3954"">1:05:54</a> ngakak bgt",2025-09-06T15:25:44Z
@RasyaNaja,"Halo bang Regi atau akrab nya bisa di bilang miawaug saya adalah orang yang sering menonton channel miawaug saat saya masih kecil dan di tahun 2017 dan sampai sekarang, dan sekarang saya baru mempunyai HP saat tahun 2025 semangat terus ya bangg sekarang makin seruuu 😊",2025-09-06T13:39:37Z
@HalimAlim-h3r,𝗸𝗴𝗸 𝗱𝗶𝗯𝗮𝘆𝗮𝗿 𝗯𝗴😮,2025-09-06T12:21:03Z
@OtttaLina,Bang aplikasi nya nama nya apa ya bang,2025-09-06T09:34:20Z
@AnwarAnwar-j9m,Nama belakang ku Valeria😅,2025-09-06T08:26:30Z
@Rizzking2021,❤❤,2025-09-06T07:52:04Z
@Naura-x1l,Prabowo gibran 🤭😄,2025-09-06T07:30:41Z
@PPKPekanbaruKota,bang  namagem,2025-09-06T07:08:26Z
@tiara4383,Candu banget pas bilang mantab,2025-09-06T06:16:14Z
@WicaksonoOno,Semangat 👍👍👍👍👍👍👍👍👍👍👍👍👍👍👍👍👍👍👍👍👍👍👍👍👍👍👍👍👍👍👍👍👍👍👍,2025-09-06T06:02:00Z
@WicaksonoOno,💯,2025-09-06T06:00:50Z
@WicaksonoOno,🇮🇩🇮🇩🇮🇩🇮🇩🇮🇩🇮🇩🇮🇩🇮🇩🇮🇩🇮🇩🇮🇩🇮🇩🇮🇩🇮🇩🇮🇩🇮🇩🇮🇩🇮🇩🇮🇩🇮🇩🇮🇩🇮🇩🇮🇩🇮🇩🇮🇩🇮🇩🇮🇩🇮🇩🇮🇩🇮🇩🇮🇩🇮🇩🇮🇩🇮🇩🇮🇩🇮🇩🇮🇩🇮🇩🇮🇩🇮🇩🇮🇩🇮🇩,2025-09-06T06:00:11Z
@WicaksonoOno,😎😎😎😎😎😎😎😎😎😎😎😎😎😎😎😎😎😎😎😎😎😎😎😎😎😎😎😎😎😎😎😎😎😎😎😎😎😎,2025-09-06T05:59:52Z
@WicaksonoOno,👍👍👍👍👍👍👍👍👍👍👍👍👍👍👍👍👍👍👍👍👍👍👍👍👍👍👍👍👍👍👍👍👍👍👍,2025-09-06T05:59:36Z
@WicaksonoOno,💯💯💯💯💯💯💯💯💯💯💯💯💯💯💯💯💯💯💯💯💯💯💯💯💯💯💯💯💯💯💯💯💯💯💯💯💯💯💯,2025-09-06T05:59:18Z
@WicaksonoOno,👍👍👍👍👍👍👍🇮🇩🇮🇩🇮🇩🇮🇩🇮🇩🇮🇩🇮🇩💯💯💯💯💯💯💯💯💯💯😎😎😎😎😎😎😎😎😎😎🇮🇩🇮🇩🇮🇩🇮🇩🇮🇩🇮🇩😎😎😎😎😎😎😎😎😎😎😎😎😎😎😎😎😎😎😎😎💯💯💯💯💯💯,2025-09-06T05:58:04Z
@herniftryana,"<a href=""https://www.youtube.com/watch?v=uNgCzh-WAx8&amp;t=2662"">44:22</a> wkwkwkwkwkwkwkwkwk😂😂😂😂😂😂😂😂😂😂😂😂🤣🤣🤣🤣🤣🤣🤣🤣🤣🤣🤣🤣🤣🤣",2025-09-06T05:16:20Z
@lyakusuma9475,Om Arya kagetinn😂,2025-09-06T04:47:06Z
@BasilicaKaren,&quot;Sabun mencurigakan&quot;<br>Astaga Miawaug,2025-09-06T04:46:13Z
@IqmalDanis,"<a href=""https://www.youtube.com/watch?v=uNgCzh-WAx8&amp;t=554"">9:14</a> kayak rumahnya Jaki gak sih, yang di game Last laugh.",2025-09-06T04:35:38Z
@wantiangraini,Game RX king dilempar piringnya,2025-09-06T04:02:33Z
@sdn7namang689,Bang namaku dina,2025-09-06T02:06:09Z
@AlmostmeShal,💚🩷,2025-09-06T02:00:06Z
@naniadicky9742,11.37😂😂,2025-09-06T01:58:04Z
@AnisFitria-x9j,Nama gem nya apa,2025-09-06T01:49:39Z
@NurulElok-h8l,ᗩᖽᐸᑘ ｎｏｎｔｏｎ ˢᵃᵐᵇᶦˡ måkåñ ݊ꪀɑׁׅׅ⁠꯱ꪱׁׁׁׅׅׅ ɢᴏʀᴇɴɢ 𝒿𝓊𝑔𝒶😅,2025-09-05T23:30:50Z
@dewisrirahayu5904,"Nasi goreng bapaku kak, di daerah bekasi barat masih 13k ☺️",2025-09-05T22:44:30Z
@iksanhuda6830,di Surabaya masih banyak bang nasi goreng 13rb,2025-09-05T17:26:19Z
@muh.shafieq6077,Dari secretnya ini bisa disimpulkan bahwa ending yang sebenarnya adalah dimana si cewek di bunbun sama si Victor dan dikisah lanjutannya adalah sang paman yang bakal ngungkapin pelakunya,2025-09-05T17:04:31Z
@najmishadiq,Gak pernah nonton game horor segelisah ini banggg😭,2025-09-05T16:40:33Z
@chelinevelna5285,ngakak banget emang hrus bgt yah telurnya dilempar ke wajan😭😭,2025-09-05T14:36:54Z
@erzizah4092,Arya nama crush aku,2025-09-05T14:01:19Z
@ratnajuwita9600,Gak ekspek endingnya 🤣🤣,2025-09-05T13:50:24Z
@SkiggmaGgg,"Bang miau ada satu ending yang agak lucu lupas di suruh berhenti tetap kerja tapi pas di suruh kunci pagar ama pintu lu kunci pagar aja nanti bakalan viktor terobos trs ada pak arya nanti bakalan duel trs ending nya viktor k o <a href=""https://www.youtube.com/watch?v=uNgCzh-WAx8&amp;t=3441"">57:21</a>",2025-09-05T13:35:57Z
@badrushsynyster9172,siap,2025-09-05T13:25:44Z
@GgMartin-x1b,"bang windah live ngedaki mulu, lagi pengen nonton horor jadiny pindah kesini",2025-09-05T12:43:01Z
@AnisFitria-x9j,Kok ibu nya aneh,2025-09-05T12:41:11Z
@MustofaAbsolute,Kagetnya nyetrum bg,2025-09-05T11:26:53Z
@noorparida-k7m,Miawaug,2025-09-05T11:15:50Z
@EksanChandra,AKHIRNYA NONTO MIAUAUG,2025-09-05T10:33:19Z
@NovaauliaRahmi,pesti itubg miawawk kan godagoda cewek😂😂😂😂😂😂😂😂😂😂😂😂😂😂<br>😂😂😂😂😂😂😂😂😂😂😂😂😂😂😂😂😂😂😂😂😂,2025-09-05T08:57:44Z
@ashana-0877,Plastiknya invinity kah😭😭,2025-09-05T05:48:16Z
@EcaEca-x8m,Kak muka anaknya kaya muka aku waktu kecil sumpah 😭,2025-09-05T04:01:13Z
@muridnyamiawaug,mamamia lezatos,2025-09-05T03:56:14Z
@srisusanti5581,Jurus apantuh 😂😂😂😂😂,2025-09-05T03:21:12Z
@DwiSeptian-c7k,Mamalia lesatos 😂😂😂😂,2025-09-05T01:30:59Z
@AdeSafitri-r6l,Ka regi ga takut apa 😂😂,2025-09-05T00:42:48Z
@DinaTa-n3d,&quot;aku lupa&quot; 😭,2025-09-04T17:06:26Z
@reyvaldiofficial2987,Nama game ini apa,2025-09-04T15:51:40Z
@bordonhiking,ARYA 😮,2025-09-04T14:08:30Z
@bordonhiking,ARYA,2025-09-04T14:08:03Z
@HasnaSyarifuddin-re4sd,"Belum apa apa udah kaget <a href=""https://www.youtube.com/watch?v=uNgCzh-WAx8&amp;t=591"">9:51</a>",2025-09-04T13:51:24Z
@AfriliaIramaputri,Semangat main game nya bg,2025-09-04T13:02:03Z
@IlhamFratama-y4d,miawAug sus🗿🗿,2025-09-04T12:20:20Z
@AlGhozali12Sulthan,hanya satu streamer ini yang berani saya liat di depan ortu 😅,2025-09-04T10:38:36Z
@Arya-j1g8i,Arya Ade ku,2025-09-04T09:59:48Z
@Arya-j1g8i,Kaget pas mamah nya 2😂😂,2025-09-04T09:56:53Z
@miaw3471,"Tidak sabar buat liat kak Egi mainin little nightmares 3, sama reanimal mirip little nightmares itu ❤",2025-09-04T05:41:40Z
@andisafrijal423,Thang you kak regi buat video untuk kami,2025-09-04T04:12:08Z
@MadeArya-s4x,Itu kayak namaku arya,2025-09-04T03:42:05Z
@AisyahakilaAisyah,"di <a href=""https://www.youtube.com/watch?v=uNgCzh-WAx8&amp;t=1410"">23:30</a> itu nama kawan gw😂😂",2025-09-04T03:41:16Z
@ZakkiRoktaroka,Sudah kuduga ending nya kek gitu😂,2025-09-04T02:47:08Z
@aditiaaditia678,"<a href=""https://www.youtube.com/watch?v=uNgCzh-WAx8&amp;t=341"">5:41</a> <br>magic ❌<br>Logic ✅",2025-09-03T23:36:12Z
@HermanSyah-h4k,Orang pertama belum ngasih uang wkwkwk,2025-09-03T14:28:56Z
@anisri-u9k,singkat saja pak rt😂,2025-09-03T14:19:42Z
@MegawatiMega-w8z3v,Pasti piring nya hasil gtris dri beli sabun cuci piring 😅,2025-09-03T14:07:39Z
@jeslinjesling1583,"<a href=""https://www.youtube.com/watch?v=uNgCzh-WAx8&amp;t=3938"">1:05:38</a>  Ngakak 😂",2025-09-03T14:02:36Z
@fazarjs05,Tsunami kick 😂,2025-09-03T13:05:46Z
@pratamus,36.11 itu nama aku tama 😂😂😂,2025-09-03T13:04:50Z
@GeaGea-j8s,👻👍🏻💓😮‍💨👺👹💩😈👿👻fajiv,2025-09-03T12:55:56Z
@olineeechannell,kan regi main 99 malam di hutan di roblox,2025-09-03T12:14:54Z
@jibanjiban2659,Ending yang sangat kocak 😂,2025-09-03T11:35:57Z
@NoufalAlifi,kaget nya nyetrum jir😭,2025-09-03T11:20:36Z
@fanncokkk,Obsessed night shift,2025-09-03T11:18:44Z
@Rizal-l4c,Ketawa juga 😂😂😂😂😂,2025-09-03T09:29:11Z
@Rizal-l4c,Gue kaget,2025-09-03T09:28:03Z
@elisajuliana6775,Mingkin nama game nya jadi opsy night syif 2,2025-09-03T08:46:16Z
@AliDin-ju3gq,Jumpscare nya bikin hati mw keluar dari kanan🗿,2025-09-03T07:33:43Z
@andisafrijal423,Aku sukak semua fideo mu miau aug,2025-09-03T06:36:39Z
@Vetomen-g5m,Itu tulisan nya nasgor goreng berarti nasi goreng goreng😂😂😂😂😂😂,2025-09-03T05:41:26Z
@Mukhtar-t3x,Masyallah semangat,2025-09-03T04:39:49Z
@gyopawitra,"<a href=""https://www.youtube.com/watch?v=uNgCzh-WAx8&amp;t=3957"">1:05:57</a> helikopter 🗿",2025-09-03T04:31:30Z
@potatomashed03,telornya gak abis abis,2025-09-03T04:16:55Z
@ekopamudji8090,Tipe layar ke 🤕😭😆🤣😂,2025-09-03T04:16:46Z
@dahlahsad2109,"<a href=""https://www.youtube.com/watch?v=uNgCzh-WAx8&amp;t=2262"">37:42</a> wkwkwk ngutang semua",2025-09-03T04:13:16Z
@hizqiaaulia4463,Bang nama gamenya apa,2025-09-03T02:52:33Z
@azoziore,"<a href=""https://www.youtube.com/watch?v=uNgCzh-WAx8&amp;t=3955"">1:05:55</a> ngakakk",2025-09-03T01:22:11Z
@amanul44n,"<a href=""https://www.youtube.com/watch?v=uNgCzh-WAx8&amp;t=3912"">1:05:12</a> gelut time wkwkwk",2025-09-02T22:38:47Z
@HerniHerni-e6w,"<a href=""https://www.youtube.com/watch?v=uNgCzh-WAx8&amp;t=700"">11:40</a> gemeter sebdn😭",2025-09-02T18:35:46Z
@TEMAN1222,pelanggan adalah raja,2025-09-02T13:49:04Z
@KCUNKMotorpusat,Nama gemes nya apa btw aku pakai hp bagian sa gk,2025-09-02T12:43:56Z
@tazkiakiye,sumpah ini tontonan miawaug yang paling seram di miawaug bagi aku seram banget dan seru bangett😊😊😊,2025-09-02T12:28:15Z
@ZaifaSaban,Siapa kaget sama om Arya 😭,2025-09-02T12:07:05Z
@AkangMarsose-nh8nu,sigma,2025-09-02T11:13:11Z
@King.MadMadrit,Nama gem,2025-09-02T10:27:41Z
@AditRizki093,Bang aku tadi lihat Abang di iklan ko bisa ya? ada yang janggal,2025-09-02T09:41:26Z
@AbyanMirza-z8y,Mahar gramma yok bg,2025-09-02T08:52:28Z
@KeylaPanjaitan-r5d,Bang gw cari game ini tapi gak ada😢,2025-09-02T08:49:33Z
@julinarcut897,Ngakak banget pas Mamamia lezat tos😂😭,2025-09-02T08:36:43Z
@MAHESAPURNAMAJATI,timunnya ga di kasih ke costumer 🗿,2025-09-02T08:04:53Z
@diieload,"<a href=""https://www.youtube.com/watch?v=uNgCzh-WAx8&amp;t=793"">13:13</a> &quot;jumbo ya? ohh lucu banget~&quot;<br><a href=""https://www.youtube.com/watch?v=uNgCzh-WAx8&amp;t=797"">13:17</a> &quot;atau bukan gaes? kayanya gua salah deh.&quot;<br><br>bang, aku numpang ngakak wkwkw",2025-09-02T07:39:20Z
@kevin_gaming566,"<a href=""https://www.youtube.com/watch?v=uNgCzh-WAx8&amp;t=1852"">30:52</a> ngakak aku woii🗿🥲😭",2025-09-02T07:37:47Z
@ANI.NR.official,"Bang non muslim ya <a href=""https://www.youtube.com/watch?v=uNgCzh-WAx8&amp;t=461"">7:41</a>",2025-09-02T06:53:57Z
@mayangsarisiamuthaharah4159,miaw aug orang mana sihh😅,2025-09-02T06:52:31Z
@wenda67,🟧🟡🧼💞💋😘,2025-09-02T06:45:33Z
@zeaterfly,ko ga dikasi garam siiiii,2025-09-02T06:16:11Z
@NurulFitriani-r8c,Apa sih nama map game ini,2025-09-02T06:11:03Z
@TetenNaura,Sambil makan nasi goreng 😅,2025-09-02T05:32:04Z
@nabilahakim3668,Kok muka om Arya mereng ya🥲😭🙏🗿,2025-09-02T03:50:18Z
@nabilahakim3668,Hehhhh itu bukan jumbo🗿👊,2025-09-02T03:48:01Z
@arsakhavirendra-p8l,Bang miaw kapan rum tur?,2025-09-02T03:44:02Z
@SriYanti-hr7vc,download di mana gemenya😊😊,2025-09-02T01:28:25Z
@FerdianNurfadli-y5t,Pelanggannya yg laki² kok mirip windah Basudara ya bang😅😅,2025-09-02T00:24:56Z
@KharinNarendra,"<a href=""https://www.youtube.com/watch?v=uNgCzh-WAx8&amp;t=3973"">1:06:13</a> ngakak banget 😂😂",2025-09-01T18:19:25Z
@Davinpurnamasatria,😱😱😱😱😱😱😱😱🧐🧐😏🥶🥶🥶🥶🥶🥶🥶💀💀,2025-09-01T17:31:43Z
@Berkah_sholawatSholawat,Seremm😭,2025-09-01T16:14:34Z
@MobileLegend-j3x,"Ini baru gamer sejati, bukan kayak si jess no limit gamers mandi bola,",2025-09-01T14:48:19Z
@NisrinaFebriani-s2s,"<a href=""https://www.youtube.com/watch?v=uNgCzh-WAx8&amp;t=1760"">29:20</a> NGAKAK BANGET GA KUAT<br><a href=""https://www.youtube.com/watch?v=uNgCzh-WAx8&amp;t=3908"">1:05:08</a> INI JUGA BKIN NGAKAK 😭",2025-09-01T14:20:02Z
@AldiSunda88,Huhuy muncul lgi nih,2025-09-01T13:44:29Z
@nazzyyri,baru abis mkn nasgor🤭,2025-09-01T13:30:37Z
@nazzyyri,"emang nasi goreng di daerah lain mahal ya, di sini nasgor ny 10k doag",2025-09-01T13:30:20Z
@AudreyFathilah,"<a href=""https://www.youtube.com/watch?v=uNgCzh-WAx8&amp;t=1312"">21:52</a> Woii belum bayar woi!",2025-09-01T13:11:38Z
@Redmi9c-z8c,Kagetnya nyetrum,2025-09-01T12:43:47Z
@Dianamardiyanti-i2g,Sapu biru nya kayak sapu dirumah ku😅,2025-09-01T11:32:02Z
@halisahhakim7142,Jir helikopter😂😂😂😂😂😂😭😭😭,2025-09-01T11:25:53Z
@keyshaazalea4887,"<a href=""https://www.youtube.com/watch?v=uNgCzh-WAx8&amp;t=792"">13:12</a> &quot;jumbo ya?&quot; ngakak bgt",2025-09-01T09:29:39Z
@GiyantoSumberlawang,Eh eh bagoyang dia😭😭😭😭,2025-09-01T09:15:07Z
@soeparnotaslim8817,NASI GORENG NYA KELIATAN ENAK,2025-09-01T08:01:55Z
@fajaralam560,"<a href=""https://www.youtube.com/watch?v=uNgCzh-WAx8&amp;t=3952"">1:05:52</a> Viktor telah belajar kungfu kah?",2025-09-01T07:39:32Z
@CahyaMentari-b4x9b,Kaget sapek jantungku hapir copot  sampai gambarku kecoret,2025-09-01T07:32:43Z
@syahidshafa1130,"<a href=""https://www.youtube.com/watch?v=uNgCzh-WAx8&amp;t=1374"">22:54</a>",2025-09-01T07:31:44Z
@AnggaJamal-r5q,Akhir pekan studio buat studio baru namanya akhir ayat Studio dari Bang Andi Lukito,2025-09-01T06:25:38Z
@AzkaPrasetyo-k1f,akuna,2025-09-01T05:55:51Z
@khlif-dzikri,Bro kamu orang Muslim atau Kristen,2025-09-01T05:37:32Z
@ikanbilis2963,Miawaug diperkaos,2025-09-01T04:37:41Z
@nykellow,"<a href=""https://www.youtube.com/watch?v=uNgCzh-WAx8&amp;t=1233"">20:33</a> &quot;yalah&quot; tapi kayak suara cewek🤣",2025-09-01T04:21:42Z
@cat_cute-2015,Kalian nyadar gak sih ITU RUMAHNYA SAMA KEK DI GAME &quot;LAST LAUGH GAME&quot; NJIRRR🗿🗿🗿,2025-09-01T03:46:48Z
@KorizenMalaysia_115,😑,2025-09-01T03:28:50Z
@KorizenMalaysia_115,🍇,2025-09-01T03:13:12Z
@SHAHDANIYALBINSHARIZANMoe,Bg aku ada lihat ad yang nunjukin abang dalam ad nya cakap abg pernah main Dan sponsor untuk kita main nama game ad nya acecraft,2025-09-01T00:54:24Z
@RealmeC21-c8i,Mi awak masuk gym,2025-08-31T23:52:24Z
@AmeliaDewii,Hh,2025-08-31T23:00:59Z
@Afrizalpalsu,"<a href=""https://www.youtube.com/watch?v=uNgCzh-WAx8&amp;t=698"">11:38</a> gwa mendengar kata kata kasar ya gaess",2025-08-31T22:35:49Z
@Retrokotil,"<a href=""https://www.youtube.com/watch?v=uNgCzh-WAx8&amp;t=696"">11:36</a> kaget😭😭",2025-08-31T22:24:11Z
@Yazid_khairi_gamer,Nonton nasi goreng makan nasi goreng behh combo mantap itu👍,2025-08-31T19:32:10Z
@vannsskuy3094,Jujur demi apapun di bojonegoro nasi goreng masih ada yg jual dgn harga 6ribu-10ribu yg paling murah,2025-08-31T16:50:29Z
@FadiaNatasya-n5e,tolong jawab,2025-08-31T15:48:27Z
@FadiaNatasya-n5e,gambar game ya kayak gimana bang,2025-08-31T15:38:25Z
@Indra-j2x4r,Kaget gua bang 😢,2025-08-31T14:26:27Z
@shazlina-j1t,Hahahah makan nasi harus berdoa😂😂😀👍🙏🙏,2025-08-31T14:23:44Z
@shazlina-j1t,"Wah,pasti enak tapi takut jual malam²",2025-08-31T14:22:15Z
@MAMANLETSKI,Parah cik Prabowo,2025-08-31T13:46:21Z
@Sbt-bebekkuninggendut,"Menit <a href=""https://www.youtube.com/watch?v=uNgCzh-WAx8&amp;t=3955"">1:05:55</a> bro baweh dehel bak helicopter 🗿🗿",2025-08-31T13:35:33Z
@Apin-Mewing,"Ada sesuatu di menit <a href=""https://www.youtube.com/watch?v=uNgCzh-WAx8&amp;t=2406"">40:06</a> di pojok kiri",2025-08-31T13:33:06Z
@Husentil123,Kalo boleh nanya itu apa di lantai yang ada darah&quot; Nya?,2025-08-31T12:26:21Z
@RolandTysonYT,"Ouh ini scene yg gua liat di tiktok😹😹 <a href=""https://www.youtube.com/watch?v=uNgCzh-WAx8&amp;t=3913"">1:05:13</a>",2025-08-31T12:21:36Z
@FahmiNoviansyah,Lah miauaug ternyata kristen,2025-08-31T12:13:02Z
@ShakaXiaomi,Semangat bg,2025-08-31T11:57:47Z
@Chilla_gemoyss-2,Aku sambil makan nasgor😊,2025-08-31T11:14:49Z
@Half_NoobYT,"Kak regi, kak regi ada ngiklanin suatu game gak? Gamenya tuh kayak cuphead tapi mobile gitu, itu emang atau bukan?",2025-08-31T11:05:44Z
@F1S,Nasgornya ga pakai garam loh itu 😅😅,2025-08-31T11:01:58Z
@amarGaming_97,"Seketika kompornya nyala terus, bebas kebakaran 😂",2025-08-31T10:51:12Z
@F1S,Ikut kaget njr pas om arya muncul😂😂😂😂,2025-08-31T10:49:48Z
@Yuda-b8t,mantap 🗿,2025-08-31T10:38:56Z
@agusdwi9359,Masih ke inget kucing,2025-08-31T10:34:25Z
@Bermacam_macam,"<a href=""https://www.youtube.com/watch?v=uNgCzh-WAx8&amp;t=699"">11:39</a> Mamamia 🤌🤌",2025-08-31T10:17:21Z
@Azkaazka-v7e,Bang  jangan ke jakarta lagi demo,2025-08-31T10:16:48Z
@X-CHAN2025,Miyauaug itu nama panggilan aku Bimbim,2025-08-31T09:59:14Z
@restuagung7793,"Pagernya pendek amat, untung bukan di medan 😂",2025-08-31T09:59:14Z
@flamingodays9675,Caseoh aja main ni game.....,2025-08-31T09:15:31Z
@Wahyu2705-c9u,"<a href=""https://www.youtube.com/watch?v=uNgCzh-WAx8&amp;t=2775"">46:15</a> kek kenal mukanya😂<br>Seperti terlihat sesosok goblin asal palembang😂",2025-08-31T09:03:33Z
@IwanKurnianto-v1n,Kak regi aku ngefens sama kak regi coba tung tung lagi yang dulu ada yang baru,2025-08-31T08:44:39Z
@IAMLANANG1,Tadi kukira malam pertama yg 👉👌,2025-08-31T08:43:20Z
@HasiholanO1,"<a href=""https://www.youtube.com/watch?v=uNgCzh-WAx8&amp;t=334"">5:34</a><br>2 telur🤨🧐",2025-08-31T08:22:05Z
@JujuJunasih-ok2kb,"<a href=""https://www.youtube.com/watch?v=uNgCzh-WAx8&amp;t=700"">11:40</a>  AAAAAAA mama mia lejatos",2025-08-31T08:20:20Z
@MRzarchivicX,kristian ya?,2025-08-31T08:05:08Z
@klangenpptyas6322,waw bagus banget🤩🤩,2025-08-31T06:56:11Z
@williamarthur9750,Itu gambar Prabowo dan Gibran ga ya kak yang kakak bilang jumbo heheh😊,2025-08-31T06:37:39Z
@gedeandlong,"Di daerah saya nasi goreng ada yg cuman 8k udh dpt ayam di suir sama krupuk udang, enak lagi",2025-08-31T06:06:34Z
@ASifa-o9t,Habis maminya 6 sendok,2025-08-31T06:05:07Z
@AboxoGeese,ka Regi adalah GOAT,2025-08-31T05:37:15Z
@RIP_Diilz,"<a href=""https://www.youtube.com/watch?v=uNgCzh-WAx8&amp;t=3938"">1:05:38</a> ngakak😂",2025-08-31T05:36:32Z
@azkasauqi2327,Pas jumscare aku kagi jongkok langsung loncat😭,2025-08-31T05:35:51Z
@AlfanGhifari-z9i,15K di jakarta untuk seporsi nasi goreng? di jawa timur 11K 🗿🗿,2025-08-31T05:28:26Z
@Analytics_55,[kkk],2025-08-31T05:19:05Z
@yukoo_official,"<a href=""https://www.youtube.com/watch?v=uNgCzh-WAx8&amp;t=232"">3:52</a> pas banget aku jga btuk pas di part itu🤣🤣",2025-08-31T04:59:14Z
@gibran_rq7yw,Ngapain kunci orang juga tetap bisa manjak,2025-08-31T04:23:12Z
@KEVANYANusantara,😢😢😢jadi inget waktu di sekolah ninoz yang masih k_1  😢😢😢😢😢😢 eh miau aung aku youtuber main ini 😊😊😊😊😊😊😊 udah makan belu miau aung😊😊😊😊😊,2025-08-31T04:18:06Z
@SuciPermata-t2l,Aku  Sayang sama aKaka Regi❤❤❤❤😊😊😊😊😊😊😊😊😊😊😊😊😊,2025-08-31T03:58:33Z
@channelriohoki7464,Aku nangis sumpah di tengah tontonan😢😢,2025-08-31T03:20:16Z
@byan-v6b,Cewe kak,2025-08-31T03:13:00Z
@AjwnbBJsbsba,Windah Basudara,2025-08-31T03:09:51Z
@LubukLinggau-u7c,"nah aku suka bngtt nonton ka regi main game kayak ginii, soalnya kerasa vibes nyaa gitu loo, tambah lagi seruu, semangat ka regi 🎉",2025-08-31T02:57:10Z
@SlaluSlalu-d7q,"<a href=""https://www.youtube.com/watch?v=uNgCzh-WAx8&amp;t=697"">11:37</a> &quot;yaa robbi alazatos&quot; ngakak woiii<br>Berawal dari kaget jadi ngakak",2025-08-31T02:33:31Z
@azka-b7w4s,Bang kok game nya gak ada di pley storee,2025-08-31T02:10:05Z
@dafithanizza3768,Candu bangget mamalia lezatozz,2025-08-31T01:58:09Z
@hjmama5260,Aku cari tidak ada terus,2025-08-31T01:55:54Z
@hjmama5260,Mana ko g ada,2025-08-31T01:55:36Z
@SitiAisyah-q2e1z,TAGAN NYA BUNTUNG,2025-08-31T00:33:56Z
@ditz1k,muka karakter gamenya kocak bet,2025-08-30T16:58:08Z
@zall_hoke,"<a href=""https://www.youtube.com/watch?v=uNgCzh-WAx8&amp;t=55"">0:55</a> itu harganya 13k mungkin karna angka 13 Terkenak dengan angka😵",2025-08-30T16:35:04Z
@Yulianajanan,Kk regi main catur lagi dongg😁😁,2025-08-30T16:10:08Z
@inayahazahra846,Seruuu bangett,2025-08-30T15:36:05Z
@gamerdinner8914,👍,2025-08-30T15:11:55Z
@saya5196,Grafiknya sih bagus tapi bentuk manusia ny seadanya 😅tapi overall bagus sih,2025-08-30T14:37:50Z
@AryaAndhika-ph2nm,"<a href=""https://www.youtube.com/watch?v=uNgCzh-WAx8&amp;t=792"">13:12</a> <br>Buset jumbo wkwkwk😂",2025-08-30T13:46:45Z
@yayavynay0,"<a href=""https://www.youtube.com/watch?v=uNgCzh-WAx8&amp;t=2570"">42:50</a> GTW KNP TP INI LUCU BGT PLS",2025-08-30T13:15:03Z
@ibnudwisaputra7805,"<a href=""https://www.youtube.com/watch?v=uNgCzh-WAx8&amp;t=290"">4:50</a> &quot;mamah mau di matiin dulu gak....&quot; Kaget bentar 😅",2025-08-30T13:00:54Z
@BadriBro-k9i8j,Iudgu<br>Jiu,2025-08-30T13:00:25Z
@DelfitaBunga-yp5ne,valerianya mlh duduk nontonin😭😭,2025-08-30T12:48:38Z
@HafidahNofiana,Kidvdj,2025-08-30T12:42:14Z
@Meme-x5g-z8u,"<a href=""https://www.youtube.com/watch?v=uNgCzh-WAx8&amp;t=1331"">22:11</a> orangnya belum bayar",2025-08-30T12:35:32Z
@zaimirengofficial,Maksud ka regi sabun mencurigakan kaya apa yang bolong🤔,2025-08-30T12:35:08Z
@yogaarlijulian,Saya jual nya 10rb,2025-08-30T12:12:47Z
@GAMEX_X99,"<a href=""https://www.youtube.com/watch?v=uNgCzh-WAx8&amp;t=389"">6:29</a> Anak durhaka",2025-08-30T12:08:28Z
@aizatfaizal,"Part <a href=""https://www.youtube.com/watch?v=uNgCzh-WAx8&amp;t=231"">3:51</a> belike:Kaget☠️",2025-08-30T12:06:20Z
@qizzatulrania3972,Ihh sma aku mkn mlamnya mkn nsi goreng sma,2025-08-30T11:41:02Z
@qizzatulrania3972,Ihh kak buka,2025-08-30T11:40:23Z
@Sahappyboy,Kak regi coba main petualangan arip❤agung,2025-08-30T11:27:03Z
@OpHanna-su7yw,canda,2025-08-30T11:21:29Z
@TIGORALFARODEI,"<a href=""https://www.youtube.com/watch?v=uNgCzh-WAx8&amp;t=701"">11:41</a>",2025-08-30T11:16:11Z
@HajidhikaDhika,Paling serem sih cocok buat nonton pada malam hari dan sambil makan cemilan,2025-08-30T11:14:49Z
@nicholas2015-r6e,Geef Mij Maar Nasi Goreng judul kagu nasi goreng Belanda,2025-08-30T11:02:56Z
@DhafithaNizza-p8r,"<a href=""https://www.youtube.com/watch?v=uNgCzh-WAx8&amp;t=3941"">1:05:41</a> malah silat😭😭",2025-08-30T10:38:30Z
@Dft_Garry,Aku selalu Di hati mu dimana pun kamu berada sayang kata kata manis siapa tuh 😹😹🙊,2025-08-30T10:16:29Z
@Adeliafaranisaasni-b9w,😊😊😊😊😊😊,2025-08-30T10:15:01Z
@rafid_1945,"Ka regi kok videonya banyak iklan,setiap 5 menit muncul iklan terus",2025-08-30T10:03:20Z
@catzz_yt,"🗿🗿 <a href=""https://www.youtube.com/watch?v=uNgCzh-WAx8&amp;t=837"">13:57</a>",2025-08-30T09:23:02Z
@Angga-m4l,"<a href=""https://www.youtube.com/watch?v=uNgCzh-WAx8&amp;t=368"">6:08</a> iya bener kareggie aku juga gtu nasi dulu baru telur kebanyakan telur dulu baru nasi<br><a href=""https://www.youtube.com/watch?v=uNgCzh-WAx8&amp;t=395"">6:35</a> muka itu kaya Poto orang ada yg kenal gk<br><a href=""https://www.youtube.com/watch?v=uNgCzh-WAx8&amp;t=443"">7:23</a> Iyah itu maksud aku kareggie padahal developer nya ngasih,,,yh setuju<br><a href=""https://www.youtube.com/watch?v=uNgCzh-WAx8&amp;t=566"">9:26</a> Dirumah aku semua rumah GK pernah matiin lampu ketika mau tidur,semua nyala tapi ketika mau tidur Terus gerah keringat matiin lampu itu kebiasaan aku,,,bukan cuma aku hampir semua gtu baik tetangga maupun orang lain semua orang gtu,,,yg Menyala baik dapur, ruang tamu ruang kamar,itu semua nyala,<br>aku GK punya kamar mandi kamar mandinya pisah diluar<br><a href=""https://www.youtube.com/watch?v=uNgCzh-WAx8&amp;t=695"">11:35</a> kaget meskipun tutup mata dan buka headset tetep kaget<br><a href=""https://www.youtube.com/watch?v=uNgCzh-WAx8&amp;t=790"">13:10</a> WAW TIBA TIBA BANGET ADA BAJU PRABOWO GIBRAN aku punya baju kaya gtu pasti kalian juga punya kan KAREGGIE punya GK kaya gtu?😄<br><a href=""https://www.youtube.com/watch?v=uNgCzh-WAx8&amp;t=823"">13:43</a> kaget ih ngeselin<br><a href=""https://www.youtube.com/watch?v=uNgCzh-WAx8&amp;t=3432"">57:12</a> sama kareggie ikut merinding juga aku<br><a href=""https://www.youtube.com/watch?v=uNgCzh-WAx8&amp;t=3703"">1:01:43</a> ending buruk bgt itu yh kedenger bgt lagi ada suara jeritan nya dan tusuk tusuk<br><a href=""https://www.youtube.com/watch?v=uNgCzh-WAx8&amp;t=3828"">1:03:48</a> daritadi emang kebuka pintunya kareggie cuman kareggie GK tutup🤭<br><a href=""https://www.youtube.com/watch?v=uNgCzh-WAx8&amp;t=3277"">54:37</a> pantesan pas true ending gua berpikir aduuhh gimana yh dengan ibu nya kasihan sendiri an anaknya menghilang ternyata si Valeria kaya jadi anak Malang gtu diculik atau menghilang secara TBA TBA",2025-08-30T09:07:35Z
@Feraa_zary,di Medan 10k kak regi😅,2025-08-30T07:39:56Z
@ShabiqAlbhiqi,Ohh mama mia lezatoss,2025-08-30T07:09:34Z
@nayxiao-o8z,jdi cewe gaenak jir,2025-08-30T07:06:05Z
@1TS_N4Y._CH,Hai bang akhirnya ketemu lagi 😻😻<br><br><br><br><br><br><br><br><br><br>Terakhir aku nonton ini di tahun 2023😗😗,2025-08-30T06:29:22Z
@devinyossfana8822,Wih hd banget,2025-08-30T06:18:08Z
@NurhasyimHasyim-mz5hz,"Sampe veleria pas lagi  berantem malah duduk sante <a href=""https://www.youtube.com/watch?v=uNgCzh-WAx8&amp;t=3966"">1:06:06</a>",2025-08-30T06:11:23Z
@REFANMULIADI-p7g,Miauaug jadi kaget main ff ya ka pliss😊,2025-08-30T06:05:00Z
@NairaAllura,Gak ada yang beli 3 atau 4 nasi goreng apa ya,2025-08-30T05:49:30Z
@Ryuunosuke123,Wah ini mah tiap hari gini wik,2025-08-30T05:42:20Z
@sofia_aja-c3h,"<a href=""https://www.youtube.com/watch?v=uNgCzh-WAx8&amp;t=791"">13:11</a> baju prabowo sama gibran",2025-08-30T05:17:50Z
@MuhammadPratama-j7o,lah nama ABG gua Arya,2025-08-30T04:58:51Z
@wahyujunior8548,Weh mantap pahlawan,2025-08-30T04:23:18Z
@izoelpria6062,Nama gamenya apa banh,2025-08-30T04:17:15Z
@CAHAYA5USM,Apa nama game ni,2025-08-30T04:01:18Z
@superqolqolah,"<a href=""https://www.youtube.com/watch?v=uNgCzh-WAx8&amp;t=3469"">57:49</a> kebenaran telah tiba",2025-08-30T03:54:45Z
@FitriHandayani-wd9wd,Miawaug jangan lah panggil astaga namanya itu kristen,2025-08-30T03:43:36Z
@FafaDila-e4k,Pas bgt aku lagi makan nasi goreng😅,2025-08-30T03:38:02Z
@Rorrw_13,"<a href=""https://www.youtube.com/watch?v=uNgCzh-WAx8&amp;t=2172"">36:12</a> nama kakak ku😭😭",2025-08-30T02:50:42Z
@KaylaputriHumaira-w4f,Gw salfok bet ama endingnya bang😂,2025-08-30T02:43:32Z
@yayaya8482,"<a href=""https://www.youtube.com/watch?v=uNgCzh-WAx8&amp;t=3936"">1:05:36</a> GAKUUAATT PAS PART INIIII😭😭😭",2025-08-30T02:37:57Z
@user-fo3fd7hw3q,wah hebat banget ka miau aku 😊,2025-08-30T02:12:50Z
@CiaMiaw,Rumah nya di Linda yg bawa hp lupa aku judl nya.,2025-08-30T01:02:43Z
@VivoV40-n7m,Pandai masak apacoba ngak ngok ngak ngok nyari oseng😂,2025-08-30T00:42:12Z
@DjagatAribowo-un1op,Aku cuma Sabtu Minggu kok,2025-08-30T00:39:58Z
@mrafliramadhans3766,berhasil,2025-08-30T00:29:28Z
@azaleaNaura-c7e,Kak itu kalau donlot di hp GK bisa ya,2025-08-29T22:34:38Z
@azaleaNaura-c7e,Kak itu kalau donlot di hp GK bisa ya,2025-08-29T22:34:24Z
@azaleaNaura-c7e,Kak itu kalau donlot di hp GK bisa ya,2025-08-29T22:33:43Z
@rakautama2920,"<a href=""https://www.youtube.com/watch?v=uNgCzh-WAx8&amp;t=1354"">22:34</a> semngt bng",2025-08-29T19:08:41Z
@DarkosLestaluhu,Lama gak nonton bang karegi sekarang udah bagus aja,2025-08-29T15:31:55Z
@pwwettyyy,❤❤❤,2025-08-29T15:25:43Z
@equipmentsstore,Itu bukan dilempar itu ditaroh,2025-08-29T14:43:22Z
@jandel-2306,Bang gua kangen banget sama lu,2025-08-29T14:38:59Z
@thessasams,"<a href=""https://www.youtube.com/watch?v=uNgCzh-WAx8&amp;t=3935"">1:05:35</a> <br><br>Ngakak banget keluar wingchunnn",2025-08-29T14:09:43Z
@winteerjae,kk regie main game simulator dong,2025-08-29T13:56:35Z
@misterxime,keren nasi goreng 13rb telor 2,2025-08-29T13:40:55Z
@Kismi-f6h,bang dapet game kyk gituan dimana ya?,2025-08-29T13:40:43Z
@BellaCarissa-k8w,Pas banget aku lagi makan nasi goreng😂😂,2025-08-29T13:38:28Z
@riyukipo,"<a href=""https://www.youtube.com/watch?v=uNgCzh-WAx8&amp;t=792"">13:12</a> itu wowombo and fufufabo bukan jumbo",2025-08-29T13:33:38Z
@ketotyete7291,nasgor di tempat ku 8rb an,2025-08-29T13:24:35Z
@Ariel.Nifasa,&quot;MAMAMIA ALEZATOS&quot; 😭😭,2025-08-29T13:15:38Z
@Eka-d1l,Seru kali permainan nya bang semangat bang konten nya ya,2025-08-29T13:05:42Z
@Zen-Robloxian61,"<a href=""https://www.youtube.com/watch?v=uNgCzh-WAx8&amp;t=3938"">1:05:38</a>",2025-08-29T12:59:33Z
@edilau385,Bumbu nya kok ga di masukinnn??,2025-08-29T12:59:10Z
@Maulana_ar_Rosyid,"<a href=""https://www.youtube.com/watch?v=uNgCzh-WAx8&amp;t=3439"">57:19</a> plot twis",2025-08-29T12:52:43Z
@Omnivorawr,Gaada micin😡🤬🤬😡😡,2025-08-29T12:36:25Z
@riyukipo,Di tempat ku Masi ada nasi goreng 10k dan porsinya kuli,2025-08-29T12:28:02Z
@HaziqZiyad-m9z,Coba main game banban gw rasa udah ada ni update nya tolong di baca,2025-08-29T11:52:53Z
@TutikTutik-t8s,😨😨😨😨😨😨😨😨😨😨😨😨,2025-08-29T11:37:11Z
@anasabdullah8733,&quot;to be continued&quot; ABSOLUTE  CHINEMA,2025-08-29T11:16:40Z
@ayunie12345,KAK billy Samuel main game ini,2025-08-29T10:52:41Z
@aastrigotri9372,Syibal,2025-08-29T10:50:33Z
@Elyn-t9e,Bang terus semangat ya aku ngefans abang,2025-08-29T10:22:28Z
@Elyn-t9e,Bang kayak nya yg ngintip itu orang yg bilang cantik,2025-08-29T10:19:51Z
@cakranagara3265,Jadi ingat waktu aku masih umur makasih ya miawaug udh ada untuk kita❤❤❤❤❤❤❤❤,2025-08-29T09:46:21Z
@AnakPanggoaran01,Wkwkwk helikopter gak tuh😂😂,2025-08-29T09:43:18Z
@KenzoAufahugo,Bentar bang andy kan buat game ini kan sama ank sma apakah yang dimaksud arydk/rama??????,2025-08-29T09:31:09Z
@Airaaaqt,❤❤,2025-08-29T09:15:45Z
@surriel8191,Windah belum main ini game yaa?,2025-08-29T09:05:54Z
@AdiRassya,Bang regi main Roblox main grow a Garden bang regi,2025-08-29T08:57:27Z
@RahmatlistantoHentu,Bang gua sudah pernah nonton di bang Billy,2025-08-29T08:33:54Z
@RahmatlistantoHentu,Bang gua udah pernah nonton di bang Billy,2025-08-29T08:33:36Z
@afz_nopal313,Miawaug kok bagus banget bikin sedih,2025-08-29T08:31:35Z
@KhalisaMaura-i8f,Mantip tu nanti kaya,2025-08-29T08:24:06Z
@Fiviangrhsptra,Kak bukan penonton pertama tp penonton setiaaa😊,2025-08-29T08:05:51Z
@Yaszajahh,"<a href=""https://www.youtube.com/watch?v=uNgCzh-WAx8&amp;t=1897"">31:37</a> nasgor goreng🗿",2025-08-29T07:47:28Z
@JustinA.w,Bjirr nasgor goreng😂😂😂,2025-08-29T07:47:25Z
@NeiraNurdiyanti,Chef andalan 😂😂,2025-08-29T07:17:07Z
@takjil777_Kamil,"<a href=""https://www.youtube.com/watch?v=uNgCzh-WAx8&amp;t=231"">3:51</a> udah pajak naik ntar juga harus bayar air😂",2025-08-29T07:02:01Z
@NurAdraqayla,Kayak nya ibunya bish<br>😊,2025-08-29T07:00:42Z
@MayaRatnasari-l2v,Main game horor lagi woi,2025-08-29T06:52:37Z
@FdcellCell-c2d,sabun 😁😁,2025-08-29T06:27:37Z
@Taruna_satribagas,menit 25 miawaug malah nge rap🗿😭,2025-08-29T06:18:38Z
@christinadesiana1081,Karegi main garten of banban 8 Karegi,2025-08-29T06:09:47Z
@christinadesiana1081,Karegi main garten of banban 8 Karegi,2025-08-29T06:09:27Z
@meyrizka_gacha2,Aku suka bgt game kayak begini yang ada unsur horror tapi tetep seru dan bikin laperr seru lihat nya kapan kapan main game kayak gini lagi ya kak miawaug 😁,2025-08-29T06:06:00Z
@CIRCLE_BLACKPINK,Bang gw kaget kan gw lagi minum dan tiba² air nya jatohh😭✨,2025-08-29T06:00:12Z
@mie_gosyong,Bang tinggal di mana aku sua sembada timur 4,2025-08-29T05:55:18Z
@muhammadimron2772,kak regi cobak main geme perang lagi aku suka soal nya,2025-08-29T05:48:32Z
@Haii_Syinerss,Di tempat ku nasi goreng 2 telor 10 rb kalo biasa 9 rb,2025-08-29T05:47:21Z
@putfan5074,miawAug suka nasi padang gak 😊,2025-08-29T05:15:05Z
@AndaluciaBahrun,raziaKudhLiKE,2025-08-29T04:48:54Z
@LisdaWati-o1b,Lo yg main gw yg dedekan,2025-08-29T04:36:25Z
@aku_anakkingmighty,"<a href=""https://www.youtube.com/watch?v=uNgCzh-WAx8&amp;t=700"">11:40</a> Mamamia leza-🗣️hits hard",2025-08-29T04:29:22Z
@argakhafid1347,"<a href=""https://www.youtube.com/watch?v=uNgCzh-WAx8&amp;t=2353"">39:13</a> nama aku arga kak regi",2025-08-29T04:29:18Z
@DebyWorabay-j5s,"<a href=""https://www.youtube.com/watch?v=uNgCzh-WAx8&amp;t=696"">11:36</a> nyetrum anjim 😭",2025-08-29T04:27:59Z
@aku_anakkingmighty,"<a href=""https://www.youtube.com/watch?v=uNgCzh-WAx8&amp;t=174"">2:54</a> Sabun apa tuchh🤔🤔🤔",2025-08-29T04:19:27Z
@AkmalRizkhi,Viktor: vikiran kotor,2025-08-29T04:13:07Z
@astridkiraraervinnanda665,"Di Jawa Timur or jawa tengah,, rata rata nasgor masih harga 10rb sampai 13 rb kalau dipinggir jalan nih bang",2025-08-29T04:10:22Z
@bettafish_jabodetabek,Sad amat cerita si valeria😢,2025-08-29T03:36:31Z
@kanevvans,"<a href=""https://www.youtube.com/watch?v=uNgCzh-WAx8&amp;t=1928"">32:08</a> salfok banget udah nasgor masi ditambahin goreng😂❤",2025-08-29T03:02:57Z
@Mamaeza-u2z,Reza Arya nama anak aku,2025-08-29T02:28:33Z
@HantenioJinor-g1t,Agak lain ibu nya,2025-08-29T02:17:42Z
@temasem5804,@windahbasudara,2025-08-29T01:41:28Z
@MARDOSxVILLAIN,Miawaug adalah idola favorit ku,2025-08-29T01:19:10Z
@tapchannels7720,Hadir 😊,2025-08-28T22:09:36Z
@deddyalxuchend6442,Siaa ni yg udah lama nonton miawaug. Gue sejak dia mainin game horor. 2019 bukan sih?,2025-08-28T16:21:25Z
@yusyumelkits2718,"<a href=""https://www.youtube.com/watch?v=uNgCzh-WAx8&amp;t=3916"">1:05:16</a> dia garuk²😭😭😭🙏🙏🙏🙏",2025-08-28T15:34:10Z
@HjTaslimah-w5j,Hai kak regiii aku lagi nonton video mu pake 2 handphone ehe,2025-08-28T15:05:57Z
@halimahtusadiyahwibowo3310,aaaa so sadd ketika tahu bahwa mamanya udah meninggal sejak sebulan yg lalu😭 ternyata kemunculan mamanya itu karena mau ngewarning anaknya untuk berhenti jualan supaya tetep aman😥,2025-08-28T14:57:58Z
@aidalubis25,atau ga main game toko makanan atau minuman gitu,2025-08-28T14:35:46Z
@aidalubis25,ka Regi main game super market simulator dong udah lama ga main 😊😊,2025-08-28T14:34:58Z
@Michell87,Tim yang lebih suka miawaug main game horor animasi kayak gini,2025-08-28T14:26:20Z
@murayama-432,Bang main game DEATH STRANDING dong,2025-08-28T14:24:58Z
@TriWaluyo-wc5sk,Ih goblok amat si miawaung 😂😂,2025-08-28T14:14:17Z
