author,published_at,text
@NiningKurniawati-j5e,2025-09-22T04:04:01Z,Itu dari mana downloadnya
@MuhNoval-y7e,2025-09-21T13:28:59Z,miawaug coba kalau berhenti berkerja di game 
@JunaAzhar,2025-09-21T13:04:29Z,kok telor nya k9k
@RagilWijaya-v1j,2025-09-21T12:14:07Z,dah lama gak nonton bang regi jadi dikit2 kaget wkwk
@felisya_off,2025-09-21T11:23:44Z,"heran deh, kenapa orang yang obses malah nyakitin cewek yang diobsesinnya???"
@pratamayuda9445,2025-09-21T10:06:12Z,banyak bener iklannya
@RaniaHayfa,2025-09-21T08:53:16Z,Oaeokfotopt13
@just_fryy,2025-09-21T07:38:41Z,"anjir la, mirip kek di anime ai Hoshino"
@zaky-r8x,2025-09-21T07:03:01Z,"a href""https:www.youtube.comwatch?vuNgCzh-WAx8amp;t792""13:12a itu Prabowo gibran  atau jumbo?"
@ProvinsiIndonesia-p2s,2025-09-21T06:20:10Z,Suka banget sama miawaug
@MegaSaraswati-m3j,2025-09-21T05:13:15Z,Aku dulu dari keluarga miskin. Tidak ada lauk saja aku makan gandum dicampur air terus aku makan nasi sama air garam brbrbrTapi sekarang aku udh bisa makan enak
@Bilcor88,2025-09-21T04:08:01Z,Pas udh 1 jam an pembuatnya typo cuy jadi viktro
@Amreditzzz,2025-09-21T03:05:50Z,Kan bisa dibungkus habis itu bawa pulang nasi gorengnya sama telur nya
@CelsyPutri-h1x,2025-09-21T02:32:20Z,Kak regi maaf aku gk pernah nonto kak regi y karna aku bermain roblox
@Rin_chan_T-R,2025-09-21T00:48:49Z,ùôøùöäùöú ùöãùöêùöù ùöïùöêùöí ùöñùöäùöîùöäùöó ùöóùöäùöúùöêùöòùöõ
@Agus1234-h8m,2025-09-21T00:26:29Z,game apa itu bang
@ReysaFiolandari,2025-09-20T11:40:17Z,Halo Kakak selamatkan dari kota Tangerang dari Banten ya kakak  semangat ya bikin kontennya Nanti aku nonton selalu kakak Kak semoga banyak yang penontonnya ya yang lihat Kakak  Kak jangan lupa ya dibales
@Kiranakriting,2025-09-20T11:29:30Z,Sama gua juga kaget
@MohammadAdamAdam-e1v,2025-09-20T09:45:31Z,Bang koleb samaa Billy yang suka main game horor
@Channel-we2nh,2025-09-20T09:32:20Z,saya menonton miauaug dari umur 4 atau 5 tahun
@AryaHafiy,2025-09-20T06:45:22Z,Ada ending lain kak regi
@wirayuda7174,2025-09-20T06:11:07Z,Aku cari game nya di playstore nggak ada
@joejoeaja714,2025-09-20T05:35:23Z,kok gak ada ya aku mau download
@LutfiUfi-d5m,2025-09-20T01:49:41Z,Kasih caranya bang
@PenggunaA5,2025-09-19T15:21:06Z,
@Raraa_nifahh,2025-09-19T11:12:13Z,pas banget lagi makan nasi goreng
@hikori_chan,2025-09-19T08:39:56Z,Ada yg sadar?yg beli ga bayay
@sakaaaaaaaaaaaaaaaaaaaaaaaaa,2025-09-19T06:56:51Z,bang lu gak pernah barantem
@MarshaBryan-t7f,2025-09-19T06:35:57Z,This is so satisfying.
@ValeriInrikarwur,2025-09-19T04:05:13Z,Ka nama geme nya apa
@SikunirSikunir-i3l,2025-09-18T23:10:02Z,"a href""https:www.youtube.comwatch?vuNgCzh-WAx8amp;t698""11:38a detik2 kaget"
@mochriko6798,2025-09-18T20:35:52Z,gw cari game ini di pleystore gak ada
@Krniarhm,2025-09-18T14:34:34Z,Mia aug lucu sekaliii
@AgusparjosParjos02,2025-09-18T13:16:40Z,Fljdjfsljfll ufjf um hlllcg t gllhlpj lah g yfhrblnbbltn hlrmyfpg vlyng byl lhbculn gdplnl CV yg zpnltp xp yg nlfj fl yg dl gllcl er t MB t f nya BB yg x l td y CV r MH gl td vvld 
@AgusparjosParjos02,2025-09-18T13:15:19Z,Rgcvfcvvvtv gvvtvsgbb vvtggfufshzzllvdlzeclla by lklfjfflshgl vyllxn ylllf glldjlr hldjl. Ltdn lfsn ll hld cllnlfnvlnllclnllfnltfbtdbdhyxyl Nn GK lthllf gllldjl lhllldl vll f
@anggrainiputri-q8s,2025-09-18T08:34:40Z,Sumpah
@anggrainiputri-q8s,2025-09-18T07:44:07Z,Mama Mia lezatos
@BfjadjhNfsidj,2025-09-18T00:40:41Z,Dual-language captions expand global reach.
@faizmuhrizalofficial,2025-09-18T00:31:37Z,siapa yang nonton video ini karena suka nasi goreng
@rohmatsupriatna9205,2025-09-17T18:54:27Z,Tiba tiba jumcsar
@snaurorraa.,2025-09-17T18:07:30Z,endingnya ngakak muter2 
@LyievianapasaymaShilta,2025-09-17T14:12:51Z,Sama bang:)
@AlfianSaputra-s3l,2025-09-17T13:09:32Z,Kok di Palembang harga nasi goreng cuma 10 ribu
@dinkzpublic2740,2025-09-17T11:43:13Z,Banyak gaya viktor rsakan terajang nya
@Xeran.07,2025-09-17T08:06:29Z,"a href""https:www.youtube.comwatch?vuNgCzh-WAx8amp;t1872""31:12a kan yg pesan yg kabur itu"
@cucuhapsari5869,2025-09-17T07:54:53Z,Bag game mabar ama kawan kawan pisahin gua suka yang mabar mabar
@Ifah-x8i,2025-09-17T07:54:43Z,Bang main game deesa meraung kidul
@ServasDhae,2025-09-17T07:46:53Z,Banggg baru mau nonton ampe abiss malah aku less
@Xeran.07,2025-09-17T07:39:01Z,"a href""https:www.youtube.comwatch?vuNgCzh-WAx8amp;t1535""25:35a baru inget itu bumbu lain nya gk dikasih?"
@hermawansusanto1169,2025-09-17T07:31:50Z,000000
@AbdulSukma-m4d,2025-09-17T06:07:54Z,A aku ihsanz
@YuliWin-s3h,2025-09-17T04:17:45Z,Mukanya kayak Biter Parker Lo padahal
@reeyavalentino,2025-09-17T02:20:16Z,nonton ini sambil makan nasgor goreng
@MillaSulistiawati,2025-09-17T00:18:10Z,bagus bet endingnya
@KendrickClaycomb,2025-09-16T23:07:37Z,Underserved language niches offer outsized search opportunity.
@cntaayy8,2025-09-16T11:37:34Z,"ending kebeneran miawaug mrinding,tapi aku sedih "
@urfyizr,2025-09-16T10:14:58Z,Bang ini game apa bang kalau tau cakap dong
@aksballs,2025-09-16T09:31:58Z,"a href""https:www.youtube.comwatch?vuNgCzh-WAx8amp;t3954""1:05:54a"
@aksballs,2025-09-16T09:29:13Z,"a href""https:www.youtube.comwatch?vuNgCzh-WAx8amp;t3931""1:05:31a "
@deniislahdirihaiden,2025-09-16T09:12:44Z,Akan saya coba resepnya mantab wkwkwk
@RaffaMohamad-l2e,2025-09-16T07:04:22Z,
@MasniMasni-nw5ks,2025-09-16T07:02:42Z,3M mask 
@SenseiDhann,2025-09-15T23:17:28Z,ni orang kontennya ga ada matinya
@MulatiyuliMulati,2025-09-15T11:42:07Z,bangkanalkabliy
@halizahchunli2048,2025-09-15T08:52:08Z,OK
@aksballs,2025-09-15T07:31:58Z,"a href""https:www.youtube.comwatch?vuNgCzh-WAx8amp;t1960""32:40a brDi Pintu brDi Karpet "
@aksballs,2025-09-15T07:11:38Z,"a href""https:www.youtube.comwatch?vuNgCzh-WAx8amp;t837""13:57a Wkwkwk "
@xjanx2,2025-09-15T03:53:29Z,"Viktornya sus bra href""https:www.youtube.comwatch?vuNgCzh-WAx8amp;t3233""53:53a"
@diahprayoni,2025-09-15T03:11:35Z,apasi lucu bangettt 
@JimarJimar-i6j,2025-09-15T02:02:35Z,
@AlifShahAidid,2025-09-14T15:12:44Z,Ya bang AI nya udh byr sih
@AqillahAprilliyani,2025-09-14T14:54:46Z,Dinda kan teman aku luh di sekolah
@BonBoni-ob5kz,2025-09-14T14:47:33Z,13.13 Jumbo kak Regi?
@fajarkayla8575,2025-09-14T13:46:29Z,Kaket gua
@DuoBiru,2025-09-14T13:36:49Z,Kata bang miawaug kan ada kelanjutannya apakah nnti perjalanan nyaa berkelanjutan lagi?
@ayolahsubscribe,2025-09-14T13:13:42Z,Dapur nya sama bentuk nya kayak dapur dirumahku btw aku lanang
@bregancraft-rm6vt,2025-09-14T11:14:03Z,ITU NAMA ANAK SAYA MAS REGI
@SitiMardiyatun-x1d,2025-09-14T09:09:43Z,Pas viktor berantem viktor malah berantem ama angin(R.I.P anhin)
@putriaprillia-h4u,2025-09-14T08:33:22Z,Horor gkk
@SeanHassan,2025-09-14T08:24:49Z,Donation goals in live streams work better with specific outcomes.
@Krisn_S,2025-09-14T08:20:49Z,"main horror terus ka regi, kali kali game adventure kek gitu kaya yang kenna bridge of spirit sama stray"
@sainahsainah6249,2025-09-14T03:51:09Z,dimana donlot game
@DelaAzalia-g1e,2025-09-14T02:14:56Z,Kagettt gue kocakkjantung
@MurniaNia-z3x,2025-09-13T23:35:45Z,ùòæùô™ùô£ùôú ùôÆùôú ùô£ùô§ùô£ùô©ùô§ùô£ùôûùô£ ùô¢ùôûùôñùô¨ùôñùô™ùôú ùôôùôß 2020
@KadekWardani-z8i,2025-09-13T14:59:29Z,Warung nasgor adudu
@hirihyuga2239,2025-09-13T14:14:18Z,
@sukriIla,2025-09-13T13:00:28Z,Apa nama gem nya
@kandiskota8093,2025-09-13T12:45:16Z,Pas mamah nya di toilet aku nyebut hewan ini
@RamadhanPutra-g4t,2025-09-13T12:43:01Z,Astaga gaya helikopter
@sunartivivo9322,2025-09-13T09:28:38Z,
@ghaidafathin4280,2025-09-13T08:17:28Z,HAHAHA ASTAGA ngikik banget di ending ke 4  beneran bikin ketawa ngeliat jurus viktor
@classyaccount,2025-09-13T07:37:53Z,krik krik krik krik
@SteveNaufal,2025-09-13T07:11:07Z,Aku suka telur dadarrrr 
@IbuWiwi-q6k,2025-09-13T06:30:52Z,Adaa
@TempatCatatanRapi,2025-09-13T05:58:08Z,1.05.11 Digaruk-Garuk
@Liazahara-eu4uo,2025-09-13T05:33:33Z,"gw subscriber lama dri awal kak regi debut,slama ini cuma nonton aja gapernah komen wkwk"
@MelindaIrawati-b3o,2025-09-13T04:42:10Z,Lagi makan piring nya ga sengaja kesenggol  gara¬≤ kagetttt
@m.faizakbar1447,2025-09-13T03:58:51Z,"Sarapan jam a href""https:www.youtube.comwatch?vuNgCzh-WAx8amp;t1350""22:30a WIB "
@MeyditaFahirapuspadewi,2025-09-13T03:41:39Z,
@MeyditaFahirapuspadewi,2025-09-13T03:37:43Z,
@Akhtar-cd9nr,2025-09-13T03:36:10Z,ih seru bangets
@Amarprozz,2025-09-13T03:21:02Z,Saya yang orang Malaysia suke lihat horror lndo
@alfakihi1263,2025-09-13T02:17:24Z,Sepatulabang
@itzz_ranu,2025-09-13T02:03:32Z,Gw kaget pas dia mimpi pas mau ngecek diluar dia nya muncul di cermin kan kaget gw 
@RedmiDelapan-tm9qw,2025-09-13T00:21:18Z,Bang Reki kok ngak pernah main game Minecraft 
@riska2512,2025-09-12T15:13:53Z,Itu game apa
@aangalaxy8691,2025-09-12T15:12:27Z,makasihh bangg udaaa ngehiburr akuu dariii sd sampaii kiniii kelass 1 smk channel inii berjasaaa
@liya_imup,2025-09-12T11:39:14Z,"Pas adegan a href""https:www.youtube.comwatch?vuNgCzh-WAx8amp;t3230""53:50a situ aku kayak takut buat nonton"
@zizkojima,2025-09-12T08:23:25Z,"a href""https:www.youtube.comwatch?vuNgCzh-WAx8amp;t362""6:02a nonton sambil makan telor"
@Ohmykeikei429,2025-09-12T06:24:41Z,kak kan modinner pernah main nama akun nya modinner
@BintangBintang-x4z,2025-09-12T06:15:38Z,Bang coba main fnaf 2 raimagined di Roblox bang
@ahmadyusup-q6m,2025-09-11T14:50:29Z,ka regi coba main game horor baca alquran susah dan seram pokonya
@elisajuliana6775,2025-09-11T14:08:51Z,Nang regi main game daendam nenek kanibal itu game Agung Arip juga plliiiiiissss
@Adinda_11-s3j,2025-09-11T04:57:49Z,ini gamenya apa sj gua cri diplay stor gaada
@honney107,2025-09-10T14:43:36Z,
@AlkhaAldi,2025-09-10T14:16:07Z,the following the whatbrdude thef wras how muchbryesterday 
@englishlearningbymaya,2025-09-10T14:00:50Z,Bank main game granny 52 wake up lagi bang udah ada updatenya
@erikadestariana6835,2025-09-10T11:36:00Z,KOSNSNPLSLS
@MichaelHanasbey,2025-09-10T11:18:20Z,Siapa disini kaget juga ayo absen 
@RayyDinata-u6o,2025-09-10T10:33:14Z,Seru banget bang
@RayyDinata-u6o,2025-09-10T10:30:42Z,Hai
@RayyDinata-u6o,2025-09-10T10:30:17Z,Hai bang
@putrikarn,2025-09-10T10:11:40Z,"Udah sedih2 malah liat ending terakhir bikin ngakak, kesimpulannya pulang kerumah gak usah kunci pintu guys"
@Saidilyamin,2025-09-10T09:15:36Z,Kak regi coba main game hotel simulator
@RahmatSkw-f3q,2025-09-10T09:13:03Z,Apa nama game bang
@NAZI-k6s9o,2025-09-10T09:03:42Z,Aduh gak kerasa udah 2025 cepat banget ya dulu ada meme tahun 2023-2021 
@AmirulHaq-fx7lf,2025-09-10T07:22:38Z,Rifyu rumah kak regi dongbr
@lsiah2346,2025-09-10T06:20:07Z,Gwe langsung craving nasi goreng telur
@FitriahNurulhasanah,2025-09-10T02:57:01Z,Nama permainannya apah bang
@wahyukurniawan4873,2025-09-09T19:21:03Z,mantap kak regi
@yanandrihsb,2025-09-09T15:31:51Z,Aku suka banget  film  ini pokoknya  dari pada yang lain 
@DewaNova-p1r,2025-09-09T12:55:35Z,Di Bali 10rb sama 7 RB yg porsi anak ank
@SitiFatimah-v7r,2025-09-09T11:00:16Z,"a href""https:www.youtube.comwatch?vuNgCzh-WAx8amp;t699""11:39a mama mia lozatos wkwkwkwkwkwkk"
@AGILINDRQ,2025-09-09T10:33:51Z,Sumpah menit 11 kaget bener  kak regi mukanya Sampek beda
@arisCrot-w6u,2025-09-09T09:48:39Z,padahal  aku udah siap siap biar gk kaget tpi tetep aj kaget
@nurradi5081,2025-09-09T09:10:10Z,iya
@raninurendah9490,2025-09-09T05:29:47Z,Kak miuwawu dara nama aku 
@MutiaraSenja-gx2fb,2025-09-09T03:53:38Z,main ke Jember bang.. nasgor 10rb ajaa 
@ElzaSohibulumam,2025-09-09T02:47:51Z,Bang anti makan ya soalnya gak pernah makan
@hermawansusanto1169,2025-09-08T17:49:48Z,sukisukisuki 100 
@nurpecel,2025-09-08T13:51:40Z,Viktor vikiran kotor 
@verlitaagustin,2025-09-08T08:21:14Z,Awas miawaug di belakang toko bunga awas miawaug adik kok dipikirin nanti kau kalau balik hati-hati bae itu di samping toko kau toko nasi goren
@verlitaagustin,2025-09-08T08:18:34Z,Miawaug pacaran gajah kalau dilempar film miawaug dilempar bagi meledak 2 langsung ganti namanya
@afz_cantik12,2025-09-08T07:36:29Z,Bisa gak sih pas di tusuk itu langsung lari gak usah liat kebelakang 
@str.vraa27,2025-09-08T06:35:30Z,"a href""https:www.youtube.comwatch?vuNgCzh-WAx8amp;t2956""49:16a quot;dia lagi dia lagi_"
@Yuenda-g8e,2025-09-08T05:47:24Z,Karegi nanti live streaming main game Roblox main versi 99 malam
@pandamager2,2025-09-08T04:49:59Z,
@littlegirl380,2025-09-08T03:02:52Z,"a href""https:www.youtube.comwatch?vuNgCzh-WAx8amp;t3957""1:05:57a anjir tendangan helikopter"
@alifdwialdiansyah,2025-09-08T02:07:03Z,"a href""https:www.youtube.comwatch?vuNgCzh-WAx8amp;t791""13:11a jumbo ya "
@ManMan-z7d6o,2025-09-07T18:52:09Z,Kayak Sabun bolong 
@devipriyanti4930,2025-09-07T11:18:43Z,"Ngakak waktu ada pembeli pertama,tiba tiba banget lupa bahan pertama yang harus di masukin"
@REYSAANDIRAMADHANI,2025-09-07T10:47:41Z,jadi mau nyoba night shift deh
@RudyJayaSaputra,2025-09-07T10:08:21Z,Buakakakakak wkwkwk wkwkwk wkwkwk mantuapss 
@hadiidd,2025-09-07T08:56:42Z,"udh lama ga nonton miawaug, terakhir kayaknya pas main the last of us, setelah itu sibuk sama dunia, skrg lg gabut dan niat mau nonton miawaug mainin game2 story yang baru, tpi pas lihat channelnya knp isinya game2 random begini? wkwkwkwk"
@riskiyuanitakomalasari3853,2025-09-07T07:49:34Z,Gk main epep lagi
@RosdiYoktin,2025-09-07T06:40:10Z,Kok gitu muka ibunya 
@AltCrashtappen,2025-09-07T06:30:12Z,"a href""https:www.youtube.comwatch?vuNgCzh-WAx8amp;t792""13:12a alamak ada baju kampanye prabowo dan gibran wkwkkwkwa href""UCkszU2WH9gy1mb0dV-11UJgKsIfY6LzFoLM6AKanYDQAg""aa href""UCkszU2WH9gy1mb0dV-11UJgKsIfY6LzFoLM6AKanYDQAg""a"
@Anggalaraya,2025-09-07T06:23:19Z,"a href""https:www.youtube.comwatch?vuNgCzh-WAx8amp;t3956""1:05:56a "
@BariAlmuiz,2025-09-07T05:18:50Z,Kenapa gak pakek kerupuk bang kan makan nasi goreng enakan pakek kerupuk
@Galonkayangan-l8i,2025-09-07T04:56:56Z,Demi apa bg regi dulu orang susah?
@NAUFAL_ali268,2025-09-07T04:36:59Z,ending terakhirnya wkwkwkwkkwwkk
@VANZO-t9c,2025-09-07T03:54:59Z,Lah kok mirip rumah di last laugh bang 
@its_nurii,2025-09-07T02:04:09Z,deg deg an bgt nontonnyaa
@FullAuraMC,2025-09-07T00:17:55Z,Kenapa hitam
@syifashafa6836,2025-09-06T20:38:08Z,sumpah piring kok di lempar untuk di dunia game kalo dunia nyata dah pecah tuh piring
@widiantosolo3941,2025-09-06T20:36:16Z,
@EstherCH7,2025-09-06T15:25:44Z,"a href""https:www.youtube.comwatch?vuNgCzh-WAx8amp;t3954""1:05:54a ngakak bgt"
@RasyaNaja,2025-09-06T13:39:37Z,"Halo bang Regi atau akrab nya bisa di bilang miawaug saya adalah orang yang sering menonton channel miawaug saat saya masih kecil dan di tahun 2017 dan sampai sekarang, dan sekarang saya baru mempunyai HP saat tahun 2025 semangat terus ya bangg sekarang makin seruuu "
@HalimAlim-h3r,2025-09-06T12:21:03Z,ùó∏ùó¥ùó∏ ùó±ùó∂ùóØùóÆùòÜùóÆùóø ùóØùó¥
@OtttaLina,2025-09-06T09:34:20Z,Bang aplikasi nya nama nya apa ya bang
@AnwarAnwar-j9m,2025-09-06T08:26:30Z,Nama belakang ku Valeria
@Rizzking2021,2025-09-06T07:52:04Z,
@Naura-x1l,2025-09-06T07:30:41Z,Prabowo gibran 
@PPKPekanbaruKota,2025-09-06T07:08:26Z,bang  namagem
@tiara4383,2025-09-06T06:16:14Z,Candu banget pas bilang mantab
@WicaksonoOno,2025-09-06T06:02:00Z,Semangat 
@WicaksonoOno,2025-09-06T06:00:50Z,
@WicaksonoOno,2025-09-06T06:00:11Z,
@WicaksonoOno,2025-09-06T05:59:52Z,
@WicaksonoOno,2025-09-06T05:59:36Z,
@WicaksonoOno,2025-09-06T05:59:18Z,
@WicaksonoOno,2025-09-06T05:58:04Z,
@herniftryana,2025-09-06T05:16:20Z,"a href""https:www.youtube.comwatch?vuNgCzh-WAx8amp;t2662""44:22a wkwkwkwkwkwkwkwkwk"
@lyakusuma9475,2025-09-06T04:47:06Z,Om Arya kagetinn
@BasilicaKaren,2025-09-06T04:46:13Z,quot;Sabun mencurigakanquot;brAstaga Miawaug
@IqmalDanis,2025-09-06T04:35:38Z,"a href""https:www.youtube.comwatch?vuNgCzh-WAx8amp;t554""9:14a kayak rumahnya Jaki gak sih, yang di game Last laugh."
@wantiangraini,2025-09-06T04:02:33Z,Game RX king dilempar piringnya
@sdn7namang689,2025-09-06T02:06:09Z,Bang namaku dina
@AlmostmeShal,2025-09-06T02:00:06Z,
@naniadicky9742,2025-09-06T01:58:04Z,11.37
@AnisFitria-x9j,2025-09-06T01:49:39Z,Nama gem nya apa
@NurulElok-h8l,2025-09-05T23:30:50Z,·ó©·ñΩ·ê∏·ëò ÔΩéÔΩèÔΩéÔΩîÔΩèÔΩé À¢·µÉ·µê·µá·∂¶À° m√•k√•√± Í™Ä…ëÍØ±Í™± …¢·¥è Ä·¥á…¥…¢ ùíøùìäùëîùí∂
@dewisrirahayu5904,2025-09-05T22:44:30Z,"Nasi goreng bapaku kak, di daerah bekasi barat masih 13k "
@iksanhuda6830,2025-09-05T17:26:19Z,di Surabaya masih banyak bang nasi goreng 13rb
@muh.shafieq6077,2025-09-05T17:04:31Z,Dari secretnya ini bisa disimpulkan bahwa ending yang sebenarnya adalah dimana si cewek di bunbun sama si Victor dan dikisah lanjutannya adalah sang paman yang bakal ngungkapin pelakunya
@najmishadiq,2025-09-05T16:40:33Z,Gak pernah nonton game horor segelisah ini banggg
@chelinevelna5285,2025-09-05T14:36:54Z,ngakak banget emang hrus bgt yah telurnya dilempar ke wajan
@erzizah4092,2025-09-05T14:01:19Z,Arya nama crush aku
@ratnajuwita9600,2025-09-05T13:50:24Z,Gak ekspek endingnya 
@SkiggmaGgg,2025-09-05T13:35:57Z,"Bang miau ada satu ending yang agak lucu lupas di suruh berhenti tetap kerja tapi pas di suruh kunci pagar ama pintu lu kunci pagar aja nanti bakalan viktor terobos trs ada pak arya nanti bakalan duel trs ending nya viktor k o a href""https:www.youtube.comwatch?vuNgCzh-WAx8amp;t3441""57:21a"
@badrushsynyster9172,2025-09-05T13:25:44Z,siap
@GgMartin-x1b,2025-09-05T12:43:01Z,"bang windah live ngedaki mulu, lagi pengen nonton horor jadiny pindah kesini"
@AnisFitria-x9j,2025-09-05T12:41:11Z,Kok ibu nya aneh
@MustofaAbsolute,2025-09-05T11:26:53Z,Kagetnya nyetrum bg
@noorparida-k7m,2025-09-05T11:15:50Z,Miawaug
@EksanChandra,2025-09-05T10:33:19Z,AKHIRNYA NONTO MIAUAUG
@NovaauliaRahmi,2025-09-05T08:57:44Z,pesti itubg miawawk kan godagoda cewekbr
@ashana-0877,2025-09-05T05:48:16Z,Plastiknya invinity kah
@EcaEca-x8m,2025-09-05T04:01:13Z,Kak muka anaknya kaya muka aku waktu kecil sumpah 
@muridnyamiawaug,2025-09-05T03:56:14Z,mamamia lezatos
@srisusanti5581,2025-09-05T03:21:12Z,Jurus apantuh 
@DwiSeptian-c7k,2025-09-05T01:30:59Z,Mamalia lesatos 
@AdeSafitri-r6l,2025-09-05T00:42:48Z,Ka regi ga takut apa 
@DinaTa-n3d,2025-09-04T17:06:26Z,quot;aku lupaquot; 
@reyvaldiofficial2987,2025-09-04T15:51:40Z,Nama game ini apa
@bordonhiking,2025-09-04T14:08:30Z,ARYA 
@bordonhiking,2025-09-04T14:08:03Z,ARYA
@HasnaSyarifuddin-re4sd,2025-09-04T13:51:24Z,"Belum apa apa udah kaget a href""https:www.youtube.comwatch?vuNgCzh-WAx8amp;t591""9:51a"
@AfriliaIramaputri,2025-09-04T13:02:03Z,Semangat main game nya bg
@IlhamFratama-y4d,2025-09-04T12:20:20Z,miawAug sus
@AlGhozali12Sulthan,2025-09-04T10:38:36Z,hanya satu streamer ini yang berani saya liat di depan ortu 
@Arya-j1g8i,2025-09-04T09:59:48Z,Arya Ade ku
@Arya-j1g8i,2025-09-04T09:56:53Z,Kaget pas mamah nya 2
@miaw3471,2025-09-04T05:41:40Z,"Tidak sabar buat liat kak Egi mainin little nightmares 3, sama reanimal mirip little nightmares itu "
@andisafrijal423,2025-09-04T04:12:08Z,Thang you kak regi buat video untuk kami
@MadeArya-s4x,2025-09-04T03:42:05Z,Itu kayak namaku arya
@AisyahakilaAisyah,2025-09-04T03:41:16Z,"di a href""https:www.youtube.comwatch?vuNgCzh-WAx8amp;t1410""23:30a itu nama kawan gw"
@ZakkiRoktaroka,2025-09-04T02:47:08Z,Sudah kuduga ending nya kek gitu
@aditiaaditia678,2025-09-03T23:36:12Z,"a href""https:www.youtube.comwatch?vuNgCzh-WAx8amp;t341""5:41a brmagic brLogic "
@HermanSyah-h4k,2025-09-03T14:28:56Z,Orang pertama belum ngasih uang wkwkwk
@anisri-u9k,2025-09-03T14:19:42Z,singkat saja pak rt
@MegawatiMega-w8z3v,2025-09-03T14:07:39Z,Pasti piring nya hasil gtris dri beli sabun cuci piring 
@jeslinjesling1583,2025-09-03T14:02:36Z,"a href""https:www.youtube.comwatch?vuNgCzh-WAx8amp;t3938""1:05:38a  Ngakak "
@fazarjs05,2025-09-03T13:05:46Z,Tsunami kick 
@pratamus,2025-09-03T13:04:50Z,36.11 itu nama aku tama 
@GeaGea-j8s,2025-09-03T12:55:56Z,fajiv
@olineeechannell,2025-09-03T12:14:54Z,kan regi main 99 malam di hutan di roblox
@jibanjiban2659,2025-09-03T11:35:57Z,Ending yang sangat kocak 
@NoufalAlifi,2025-09-03T11:20:36Z,kaget nya nyetrum jir
@fanncokkk,2025-09-03T11:18:44Z,Obsessed night shift
@Rizal-l4c,2025-09-03T09:29:11Z,Ketawa juga 
@Rizal-l4c,2025-09-03T09:28:03Z,Gue kaget
@elisajuliana6775,2025-09-03T08:46:16Z,Mingkin nama game nya jadi opsy night syif 2
@AliDin-ju3gq,2025-09-03T07:33:43Z,Jumpscare nya bikin hati mw keluar dari kanan
@andisafrijal423,2025-09-03T06:36:39Z,Aku sukak semua fideo mu miau aug
@Vetomen-g5m,2025-09-03T05:41:26Z,Itu tulisan nya nasgor goreng berarti nasi goreng goreng
@Mukhtar-t3x,2025-09-03T04:39:49Z,Masyallah semangat
@gyopawitra,2025-09-03T04:31:30Z,"a href""https:www.youtube.comwatch?vuNgCzh-WAx8amp;t3957""1:05:57a helikopter "
@potatomashed03,2025-09-03T04:16:55Z,telornya gak abis abis
@ekopamudji8090,2025-09-03T04:16:46Z,Tipe layar ke 
@dahlahsad2109,2025-09-03T04:13:16Z,"a href""https:www.youtube.comwatch?vuNgCzh-WAx8amp;t2262""37:42a wkwkwk ngutang semua"
@hizqiaaulia4463,2025-09-03T02:52:33Z,Bang nama gamenya apa
@azoziore,2025-09-03T01:22:11Z,"a href""https:www.youtube.comwatch?vuNgCzh-WAx8amp;t3955""1:05:55a ngakakk"
@amanul44n,2025-09-02T22:38:47Z,"a href""https:www.youtube.comwatch?vuNgCzh-WAx8amp;t3912""1:05:12a gelut time wkwkwk"
@HerniHerni-e6w,2025-09-02T18:35:46Z,"a href""https:www.youtube.comwatch?vuNgCzh-WAx8amp;t700""11:40a gemeter sebdn"
@TEMAN1222,2025-09-02T13:49:04Z,pelanggan adalah raja
@KCUNKMotorpusat,2025-09-02T12:43:56Z,Nama gemes nya apa btw aku pakai hp bagian sa gk
@tazkiakiye,2025-09-02T12:28:15Z,sumpah ini tontonan miawaug yang paling seram di miawaug bagi aku seram banget dan seru bangett
@ZaifaSaban,2025-09-02T12:07:05Z,Siapa kaget sama om Arya 
@AkangMarsose-nh8nu,2025-09-02T11:13:11Z,sigma
@King.MadMadrit,2025-09-02T10:27:41Z,Nama gem
@AditRizki093,2025-09-02T09:41:26Z,Bang aku tadi lihat Abang di iklan ko bisa ya? ada yang janggal
@AbyanMirza-z8y,2025-09-02T08:52:28Z,Mahar gramma yok bg
@KeylaPanjaitan-r5d,2025-09-02T08:49:33Z,Bang gw cari game ini tapi gak ada
@julinarcut897,2025-09-02T08:36:43Z,Ngakak banget pas Mamamia lezat tos
@MAHESAPURNAMAJATI,2025-09-02T08:04:53Z,timunnya ga di kasih ke costumer 
@diieload,2025-09-02T07:39:20Z,"a href""https:www.youtube.comwatch?vuNgCzh-WAx8amp;t793""13:13a quot;jumbo ya? ohh lucu bangetquot;bra href""https:www.youtube.comwatch?vuNgCzh-WAx8amp;t797""13:17a quot;atau bukan gaes? kayanya gua salah deh.quot;brbrbang, aku numpang ngakak wkwkw"
@kevin_gaming566,2025-09-02T07:37:47Z,"a href""https:www.youtube.comwatch?vuNgCzh-WAx8amp;t1852""30:52a ngakak aku woii"
@ANI.NR.official,2025-09-02T06:53:57Z,"Bang non muslim ya a href""https:www.youtube.comwatch?vuNgCzh-WAx8amp;t461""7:41a"
@mayangsarisiamuthaharah4159,2025-09-02T06:52:31Z,miaw aug orang mana sihh
@wenda67,2025-09-02T06:45:33Z,
@zeaterfly,2025-09-02T06:16:11Z,ko ga dikasi garam siiiii
@NurulFitriani-r8c,2025-09-02T06:11:03Z,Apa sih nama map game ini
@TetenNaura,2025-09-02T05:32:04Z,Sambil makan nasi goreng 
@nabilahakim3668,2025-09-02T03:50:18Z,Kok muka om Arya mereng ya
@nabilahakim3668,2025-09-02T03:48:01Z,Hehhhh itu bukan jumbo
@arsakhavirendra-p8l,2025-09-02T03:44:02Z,Bang miaw kapan rum tur?
@SriYanti-hr7vc,2025-09-02T01:28:25Z,download di mana gemenya
@FerdianNurfadli-y5t,2025-09-02T00:24:56Z,Pelanggannya yg laki¬≤ kok mirip windah Basudara ya bang
@KharinNarendra,2025-09-01T18:19:25Z,"a href""https:www.youtube.comwatch?vuNgCzh-WAx8amp;t3973""1:06:13a ngakak banget "
@Davinpurnamasatria,2025-09-01T17:31:43Z,
@Berkah_sholawatSholawat,2025-09-01T16:14:34Z,Seremm
@MobileLegend-j3x,2025-09-01T14:48:19Z,"Ini baru gamer sejati, bukan kayak si jess no limit gamers mandi bola,"
@NisrinaFebriani-s2s,2025-09-01T14:20:02Z,"a href""https:www.youtube.comwatch?vuNgCzh-WAx8amp;t1760""29:20a NGAKAK BANGET GA KUATbra href""https:www.youtube.comwatch?vuNgCzh-WAx8amp;t3908""1:05:08a INI JUGA BKIN NGAKAK "
@AldiSunda88,2025-09-01T13:44:29Z,Huhuy muncul lgi nih
@nazzyyri,2025-09-01T13:30:37Z,baru abis mkn nasgor
@nazzyyri,2025-09-01T13:30:20Z,"emang nasi goreng di daerah lain mahal ya, di sini nasgor ny 10k doag"
@AudreyFathilah,2025-09-01T13:11:38Z,"a href""https:www.youtube.comwatch?vuNgCzh-WAx8amp;t1312""21:52a Woii belum bayar woi!"
@Redmi9c-z8c,2025-09-01T12:43:47Z,Kagetnya nyetrum
@Dianamardiyanti-i2g,2025-09-01T11:32:02Z,Sapu biru nya kayak sapu dirumah ku
@halisahhakim7142,2025-09-01T11:25:53Z,Jir helikopter
@keyshaazalea4887,2025-09-01T09:29:39Z,"a href""https:www.youtube.comwatch?vuNgCzh-WAx8amp;t792""13:12a quot;jumbo ya?quot; ngakak bgt"
@GiyantoSumberlawang,2025-09-01T09:15:07Z,Eh eh bagoyang dia
@soeparnotaslim8817,2025-09-01T08:01:55Z,NASI GORENG NYA KELIATAN ENAK
@fajaralam560,2025-09-01T07:39:32Z,"a href""https:www.youtube.comwatch?vuNgCzh-WAx8amp;t3952""1:05:52a Viktor telah belajar kungfu kah?"
@CahyaMentari-b4x9b,2025-09-01T07:32:43Z,Kaget sapek jantungku hapir copot  sampai gambarku kecoret
@syahidshafa1130,2025-09-01T07:31:44Z,"a href""https:www.youtube.comwatch?vuNgCzh-WAx8amp;t1374""22:54a"
@AnggaJamal-r5q,2025-09-01T06:25:38Z,Akhir pekan studio buat studio baru namanya akhir ayat Studio dari Bang Andi Lukito
@AzkaPrasetyo-k1f,2025-09-01T05:55:51Z,akuna
@khlif-dzikri,2025-09-01T05:37:32Z,Bro kamu orang Muslim atau Kristen
@ikanbilis2963,2025-09-01T04:37:41Z,Miawaug diperkaos
@nykellow,2025-09-01T04:21:42Z,"a href""https:www.youtube.comwatch?vuNgCzh-WAx8amp;t1233""20:33a quot;yalahquot; tapi kayak suara cewek"
@cat_cute-2015,2025-09-01T03:46:48Z,Kalian nyadar gak sih ITU RUMAHNYA SAMA KEK DI GAME quot;LAST LAUGH GAMEquot; NJIRRR
@KorizenMalaysia_115,2025-09-01T03:28:50Z,
@KorizenMalaysia_115,2025-09-01T03:13:12Z,
@SHAHDANIYALBINSHARIZANMoe,2025-09-01T00:54:24Z,Bg aku ada lihat ad yang nunjukin abang dalam ad nya cakap abg pernah main Dan sponsor untuk kita main nama game ad nya acecraft
@RealmeC21-c8i,2025-08-31T23:52:24Z,Mi awak masuk gym
@AmeliaDewii,2025-08-31T23:00:59Z,Hh
@Afrizalpalsu,2025-08-31T22:35:49Z,"a href""https:www.youtube.comwatch?vuNgCzh-WAx8amp;t698""11:38a gwa mendengar kata kata kasar ya gaess"
@Retrokotil,2025-08-31T22:24:11Z,"a href""https:www.youtube.comwatch?vuNgCzh-WAx8amp;t696""11:36a kaget"
@Yazid_khairi_gamer,2025-08-31T19:32:10Z,Nonton nasi goreng makan nasi goreng behh combo mantap itu
@vannsskuy3094,2025-08-31T16:50:29Z,Jujur demi apapun di bojonegoro nasi goreng masih ada yg jual dgn harga 6ribu-10ribu yg paling murah
@FadiaNatasya-n5e,2025-08-31T15:48:27Z,tolong jawab
@FadiaNatasya-n5e,2025-08-31T15:38:25Z,gambar game ya kayak gimana bang
@Indra-j2x4r,2025-08-31T14:26:27Z,Kaget gua bang 
@shazlina-j1t,2025-08-31T14:23:44Z,Hahahah makan nasi harus berdoa
@shazlina-j1t,2025-08-31T14:22:15Z,"Wah,pasti enak tapi takut jual malam¬≤"
@MAMANLETSKI,2025-08-31T13:46:21Z,Parah cik Prabowo
@Sbt-bebekkuninggendut,2025-08-31T13:35:33Z,"Menit a href""https:www.youtube.comwatch?vuNgCzh-WAx8amp;t3955""1:05:55a bro baweh dehel bak helicopter "
@Apin-Mewing,2025-08-31T13:33:06Z,"Ada sesuatu di menit a href""https:www.youtube.comwatch?vuNgCzh-WAx8amp;t2406""40:06a di pojok kiri"
@Husentil123,2025-08-31T12:26:21Z,Kalo boleh nanya itu apa di lantai yang ada darahquot; Nya?
@RolandTysonYT,2025-08-31T12:21:36Z,"Ouh ini scene yg gua liat di tiktok a href""https:www.youtube.comwatch?vuNgCzh-WAx8amp;t3913""1:05:13a"
@FahmiNoviansyah,2025-08-31T12:13:02Z,Lah miauaug ternyata kristen
@ShakaXiaomi,2025-08-31T11:57:47Z,Semangat bg
@Chilla_gemoyss-2,2025-08-31T11:14:49Z,Aku sambil makan nasgor
@Half_NoobYT,2025-08-31T11:05:44Z,"Kak regi, kak regi ada ngiklanin suatu game gak? Gamenya tuh kayak cuphead tapi mobile gitu, itu emang atau bukan?"
@F1S,2025-08-31T11:01:58Z,Nasgornya ga pakai garam loh itu 
@amarGaming_97,2025-08-31T10:51:12Z,"Seketika kompornya nyala terus, bebas kebakaran "
@F1S,2025-08-31T10:49:48Z,Ikut kaget njr pas om arya muncul
@Yuda-b8t,2025-08-31T10:38:56Z,mantap 
@agusdwi9359,2025-08-31T10:34:25Z,Masih ke inget kucing
@Bermacam_macam,2025-08-31T10:17:21Z,"a href""https:www.youtube.comwatch?vuNgCzh-WAx8amp;t699""11:39a Mamamia "
@Azkaazka-v7e,2025-08-31T10:16:48Z,Bang  jangan ke jakarta lagi demo
@X-CHAN2025,2025-08-31T09:59:14Z,Miyauaug itu nama panggilan aku Bimbim
@restuagung7793,2025-08-31T09:59:14Z,"Pagernya pendek amat, untung bukan di medan "
@flamingodays9675,2025-08-31T09:15:31Z,Caseoh aja main ni game.....
@Wahyu2705-c9u,2025-08-31T09:03:33Z,"a href""https:www.youtube.comwatch?vuNgCzh-WAx8amp;t2775""46:15a kek kenal mukanyabrSeperti terlihat sesosok goblin asal palembang"
@IwanKurnianto-v1n,2025-08-31T08:44:39Z,Kak regi aku ngefens sama kak regi coba tung tung lagi yang dulu ada yang baru
@IAMLANANG1,2025-08-31T08:43:20Z,Tadi kukira malam pertama yg 
@HasiholanO1,2025-08-31T08:22:05Z,"a href""https:www.youtube.comwatch?vuNgCzh-WAx8amp;t334""5:34abr2 telur"
@JujuJunasih-ok2kb,2025-08-31T08:20:20Z,"a href""https:www.youtube.comwatch?vuNgCzh-WAx8amp;t700""11:40a  AAAAAAA mama mia lejatos"
@MRzarchivicX,2025-08-31T08:05:08Z,kristian ya?
@klangenpptyas6322,2025-08-31T06:56:11Z,waw bagus banget
@williamarthur9750,2025-08-31T06:37:39Z,Itu gambar Prabowo dan Gibran ga ya kak yang kakak bilang jumbo heheh
@gedeandlong,2025-08-31T06:06:34Z,"Di daerah saya nasi goreng ada yg cuman 8k udh dpt ayam di suir sama krupuk udang, enak lagi"
@ASifa-o9t,2025-08-31T06:05:07Z,Habis maminya 6 sendok
@AboxoGeese,2025-08-31T05:37:15Z,ka Regi adalah GOAT
@RIP_Diilz,2025-08-31T05:36:32Z,"a href""https:www.youtube.comwatch?vuNgCzh-WAx8amp;t3938""1:05:38a ngakak"
@azkasauqi2327,2025-08-31T05:35:51Z,Pas jumscare aku kagi jongkok langsung loncat
@AlfanGhifari-z9i,2025-08-31T05:28:26Z,15K di jakarta untuk seporsi nasi goreng? di jawa timur 11K 
@Analytics_55,2025-08-31T05:19:05Z,kkk
@yukoo_official,2025-08-31T04:59:14Z,"a href""https:www.youtube.comwatch?vuNgCzh-WAx8amp;t232""3:52a pas banget aku jga btuk pas di part itu"
@gibran_rq7yw,2025-08-31T04:23:12Z,Ngapain kunci orang juga tetap bisa manjak
@KEVANYANusantara,2025-08-31T04:18:06Z,jadi inget waktu di sekolah ninoz yang masih k_1   eh miau aung aku youtuber main ini  udah makan belu miau aung
@SuciPermata-t2l,2025-08-31T03:58:33Z,Aku  Sayang sama aKaka Regi
@channelriohoki7464,2025-08-31T03:20:16Z,Aku nangis sumpah di tengah tontonan
@byan-v6b,2025-08-31T03:13:00Z,Cewe kak
@AjwnbBJsbsba,2025-08-31T03:09:51Z,Windah Basudara
@LubukLinggau-u7c,2025-08-31T02:57:10Z,"nah aku suka bngtt nonton ka regi main game kayak ginii, soalnya kerasa vibes nyaa gitu loo, tambah lagi seruu, semangat ka regi "
@SlaluSlalu-d7q,2025-08-31T02:33:31Z,"a href""https:www.youtube.comwatch?vuNgCzh-WAx8amp;t697""11:37a quot;yaa robbi alazatosquot; ngakak woiiibrBerawal dari kaget jadi ngakak"
@azka-b7w4s,2025-08-31T02:10:05Z,Bang kok game nya gak ada di pley storee
@dafithanizza3768,2025-08-31T01:58:09Z,Candu bangget mamalia lezatozz
@hjmama5260,2025-08-31T01:55:54Z,Aku cari tidak ada terus
@hjmama5260,2025-08-31T01:55:36Z,Mana ko g ada
@SitiAisyah-q2e1z,2025-08-31T00:33:56Z,TAGAN NYA BUNTUNG
@ditz1k,2025-08-30T16:58:08Z,muka karakter gamenya kocak bet
@zall_hoke,2025-08-30T16:35:04Z,"a href""https:www.youtube.comwatch?vuNgCzh-WAx8amp;t55""0:55a itu harganya 13k mungkin karna angka 13 Terkenak dengan angka"
@Yulianajanan,2025-08-30T16:10:08Z,Kk regi main catur lagi dongg
@inayahazahra846,2025-08-30T15:36:05Z,Seruuu bangett
@gamerdinner8914,2025-08-30T15:11:55Z,
@saya5196,2025-08-30T14:37:50Z,Grafiknya sih bagus tapi bentuk manusia ny seadanya tapi overall bagus sih
@AryaAndhika-ph2nm,2025-08-30T13:46:45Z,"a href""https:www.youtube.comwatch?vuNgCzh-WAx8amp;t792""13:12a brBuset jumbo wkwkwk"
@yayavynay0,2025-08-30T13:15:03Z,"a href""https:www.youtube.comwatch?vuNgCzh-WAx8amp;t2570""42:50a GTW KNP TP INI LUCU BGT PLS"
@ibnudwisaputra7805,2025-08-30T13:00:54Z,"a href""https:www.youtube.comwatch?vuNgCzh-WAx8amp;t290""4:50a quot;mamah mau di matiin dulu gak....quot; Kaget bentar "
@BadriBro-k9i8j,2025-08-30T13:00:25Z,IudgubrJiu
@DelfitaBunga-yp5ne,2025-08-30T12:48:38Z,valerianya mlh duduk nontonin
@HafidahNofiana,2025-08-30T12:42:14Z,Kidvdj
@Meme-x5g-z8u,2025-08-30T12:35:32Z,"a href""https:www.youtube.comwatch?vuNgCzh-WAx8amp;t1331""22:11a orangnya belum bayar"
@zaimirengofficial,2025-08-30T12:35:08Z,Maksud ka regi sabun mencurigakan kaya apa yang bolong
@yogaarlijulian,2025-08-30T12:12:47Z,Saya jual nya 10rb
@GAMEX_X99,2025-08-30T12:08:28Z,"a href""https:www.youtube.comwatch?vuNgCzh-WAx8amp;t389""6:29a Anak durhaka"
@aizatfaizal,2025-08-30T12:06:20Z,"Part a href""https:www.youtube.comwatch?vuNgCzh-WAx8amp;t231""3:51a belike:Kaget"
@qizzatulrania3972,2025-08-30T11:41:02Z,Ihh sma aku mkn mlamnya mkn nsi goreng sma
@qizzatulrania3972,2025-08-30T11:40:23Z,Ihh kak buka
@Sahappyboy,2025-08-30T11:27:03Z,Kak regi coba main petualangan aripagung
@OpHanna-su7yw,2025-08-30T11:21:29Z,canda
@TIGORALFARODEI,2025-08-30T11:16:11Z,"a href""https:www.youtube.comwatch?vuNgCzh-WAx8amp;t701""11:41a"
@HajidhikaDhika,2025-08-30T11:14:49Z,Paling serem sih cocok buat nonton pada malam hari dan sambil makan cemilan
@nicholas2015-r6e,2025-08-30T11:02:56Z,Geef Mij Maar Nasi Goreng judul kagu nasi goreng Belanda
@DhafithaNizza-p8r,2025-08-30T10:38:30Z,"a href""https:www.youtube.comwatch?vuNgCzh-WAx8amp;t3941""1:05:41a malah silat"
@Dft_Garry,2025-08-30T10:16:29Z,Aku selalu Di hati mu dimana pun kamu berada sayang kata kata manis siapa tuh 
@Adeliafaranisaasni-b9w,2025-08-30T10:15:01Z,
@rafid_1945,2025-08-30T10:03:20Z,"Ka regi kok videonya banyak iklan,setiap 5 menit muncul iklan terus"
@catzz_yt,2025-08-30T09:23:02Z," a href""https:www.youtube.comwatch?vuNgCzh-WAx8amp;t837""13:57a"
@Angga-m4l,2025-08-30T09:07:35Z,"a href""https:www.youtube.comwatch?vuNgCzh-WAx8amp;t368""6:08a iya bener kareggie aku juga gtu nasi dulu baru telur kebanyakan telur dulu baru nasibra href""https:www.youtube.comwatch?vuNgCzh-WAx8amp;t395""6:35a muka itu kaya Poto orang ada yg kenal gkbra href""https:www.youtube.comwatch?vuNgCzh-WAx8amp;t443""7:23a Iyah itu maksud aku kareggie padahal developer nya ngasih,,,yh setujubra href""https:www.youtube.comwatch?vuNgCzh-WAx8amp;t566""9:26a Dirumah aku semua rumah GK pernah matiin lampu ketika mau tidur,semua nyala tapi ketika mau tidur Terus gerah keringat matiin lampu itu kebiasaan aku,,,bukan cuma aku hampir semua gtu baik tetangga maupun orang lain semua orang gtu,,,yg Menyala baik dapur, ruang tamu ruang kamar,itu semua nyala,braku GK punya kamar mandi kamar mandinya pisah diluarbra href""https:www.youtube.comwatch?vuNgCzh-WAx8amp;t695""11:35a kaget meskipun tutup mata dan buka headset tetep kagetbra href""https:www.youtube.comwatch?vuNgCzh-WAx8amp;t790""13:10a WAW TIBA TIBA BANGET ADA BAJU PRABOWO GIBRAN aku punya baju kaya gtu pasti kalian juga punya kan KAREGGIE punya GK kaya gtu?bra href""https:www.youtube.comwatch?vuNgCzh-WAx8amp;t823""13:43a kaget ih ngeselinbra href""https:www.youtube.comwatch?vuNgCzh-WAx8amp;t3432""57:12a sama kareggie ikut merinding juga akubra href""https:www.youtube.comwatch?vuNgCzh-WAx8amp;t3703""1:01:43a ending buruk bgt itu yh kedenger bgt lagi ada suara jeritan nya dan tusuk tusukbra href""https:www.youtube.comwatch?vuNgCzh-WAx8amp;t3828""1:03:48a daritadi emang kebuka pintunya kareggie cuman kareggie GK tutupbra href""https:www.youtube.comwatch?vuNgCzh-WAx8amp;t3277""54:37a pantesan pas true ending gua berpikir aduuhh gimana yh dengan ibu nya kasihan sendiri an anaknya menghilang ternyata si Valeria kaya jadi anak Malang gtu diculik atau menghilang secara TBA TBA"
@Feraa_zary,2025-08-30T07:39:56Z,di Medan 10k kak regi
@ShabiqAlbhiqi,2025-08-30T07:09:34Z,Ohh mama mia lezatoss
@nayxiao-o8z,2025-08-30T07:06:05Z,jdi cewe gaenak jir
@1TS_N4Y._CH,2025-08-30T06:29:22Z,Hai bang akhirnya ketemu lagi brbrbrbrbrbrbrbrbrbrTerakhir aku nonton ini di tahun 2023
@devinyossfana8822,2025-08-30T06:18:08Z,Wih hd banget
@NurhasyimHasyim-mz5hz,2025-08-30T06:11:23Z,"Sampe veleria pas lagi  berantem malah duduk sante a href""https:www.youtube.comwatch?vuNgCzh-WAx8amp;t3966""1:06:06a"
@REFANMULIADI-p7g,2025-08-30T06:05:00Z,Miauaug jadi kaget main ff ya ka pliss
@NairaAllura,2025-08-30T05:49:30Z,Gak ada yang beli 3 atau 4 nasi goreng apa ya
@Ryuunosuke123,2025-08-30T05:42:20Z,Wah ini mah tiap hari gini wik
@sofia_aja-c3h,2025-08-30T05:17:50Z,"a href""https:www.youtube.comwatch?vuNgCzh-WAx8amp;t791""13:11a baju prabowo sama gibran"
@MuhammadPratama-j7o,2025-08-30T04:58:51Z,lah nama ABG gua Arya
@wahyujunior8548,2025-08-30T04:23:18Z,Weh mantap pahlawan
@izoelpria6062,2025-08-30T04:17:15Z,Nama gamenya apa banh
@CAHAYA5USM,2025-08-30T04:01:18Z,Apa nama game ni
@superqolqolah,2025-08-30T03:54:45Z,"a href""https:www.youtube.comwatch?vuNgCzh-WAx8amp;t3469""57:49a kebenaran telah tiba"
@FitriHandayani-wd9wd,2025-08-30T03:43:36Z,Miawaug jangan lah panggil astaga namanya itu kristen
@FafaDila-e4k,2025-08-30T03:38:02Z,Pas bgt aku lagi makan nasi goreng
@Rorrw_13,2025-08-30T02:50:42Z,"a href""https:www.youtube.comwatch?vuNgCzh-WAx8amp;t2172""36:12a nama kakak ku"
@KaylaputriHumaira-w4f,2025-08-30T02:43:32Z,Gw salfok bet ama endingnya bang
@yayaya8482,2025-08-30T02:37:57Z,"a href""https:www.youtube.comwatch?vuNgCzh-WAx8amp;t3936""1:05:36a GAKUUAATT PAS PART INIIII"
@user-fo3fd7hw3q,2025-08-30T02:12:50Z,wah hebat banget ka miau aku 
@CiaMiaw,2025-08-30T01:02:43Z,Rumah nya di Linda yg bawa hp lupa aku judl nya.
@VivoV40-n7m,2025-08-30T00:42:12Z,Pandai masak apacoba ngak ngok ngak ngok nyari oseng
@DjagatAribowo-un1op,2025-08-30T00:39:58Z,Aku cuma Sabtu Minggu kok
@mrafliramadhans3766,2025-08-30T00:29:28Z,berhasil
@azaleaNaura-c7e,2025-08-29T22:34:38Z,Kak itu kalau donlot di hp GK bisa ya
@azaleaNaura-c7e,2025-08-29T22:34:24Z,Kak itu kalau donlot di hp GK bisa ya
@azaleaNaura-c7e,2025-08-29T22:33:43Z,Kak itu kalau donlot di hp GK bisa ya
@rakautama2920,2025-08-29T19:08:41Z,"a href""https:www.youtube.comwatch?vuNgCzh-WAx8amp;t1354""22:34a semngt bng"
@DarkosLestaluhu,2025-08-29T15:31:55Z,Lama gak nonton bang karegi sekarang udah bagus aja
@pwwettyyy,2025-08-29T15:25:43Z,
@equipmentsstore,2025-08-29T14:43:22Z,Itu bukan dilempar itu ditaroh
@jandel-2306,2025-08-29T14:38:59Z,Bang gua kangen banget sama lu
@thessasams,2025-08-29T14:09:43Z,"a href""https:www.youtube.comwatch?vuNgCzh-WAx8amp;t3935""1:05:35a brbrNgakak banget keluar wingchunnn"
@winteerjae,2025-08-29T13:56:35Z,kk regie main game simulator dong
@misterxime,2025-08-29T13:40:55Z,keren nasi goreng 13rb telor 2
@Kismi-f6h,2025-08-29T13:40:43Z,bang dapet game kyk gituan dimana ya?
@BellaCarissa-k8w,2025-08-29T13:38:28Z,Pas banget aku lagi makan nasi goreng
@riyukipo,2025-08-29T13:33:38Z,"a href""https:www.youtube.comwatch?vuNgCzh-WAx8amp;t792""13:12a itu wowombo and fufufabo bukan jumbo"
@ketotyete7291,2025-08-29T13:24:35Z,nasgor di tempat ku 8rb an
@Ariel.Nifasa,2025-08-29T13:15:38Z,quot;MAMAMIA ALEZATOSquot; 
@Eka-d1l,2025-08-29T13:05:42Z,Seru kali permainan nya bang semangat bang konten nya ya
@Zen-Robloxian61,2025-08-29T12:59:33Z,"a href""https:www.youtube.comwatch?vuNgCzh-WAx8amp;t3938""1:05:38a"
@edilau385,2025-08-29T12:59:10Z,Bumbu nya kok ga di masukinnn??
@Maulana_ar_Rosyid,2025-08-29T12:52:43Z,"a href""https:www.youtube.comwatch?vuNgCzh-WAx8amp;t3439""57:19a plot twis"
@Omnivorawr,2025-08-29T12:36:25Z,Gaada micin
@riyukipo,2025-08-29T12:28:02Z,Di tempat ku Masi ada nasi goreng 10k dan porsinya kuli
@HaziqZiyad-m9z,2025-08-29T11:52:53Z,Coba main game banban gw rasa udah ada ni update nya tolong di baca
@TutikTutik-t8s,2025-08-29T11:37:11Z,
@anasabdullah8733,2025-08-29T11:16:40Z,quot;to be continuedquot; ABSOLUTE  CHINEMA
@ayunie12345,2025-08-29T10:52:41Z,KAK billy Samuel main game ini
@aastrigotri9372,2025-08-29T10:50:33Z,Syibal
@Elyn-t9e,2025-08-29T10:22:28Z,Bang terus semangat ya aku ngefans abang
@Elyn-t9e,2025-08-29T10:19:51Z,Bang kayak nya yg ngintip itu orang yg bilang cantik
@cakranagara3265,2025-08-29T09:46:21Z,Jadi ingat waktu aku masih umur makasih ya miawaug udh ada untuk kita
@AnakPanggoaran01,2025-08-29T09:43:18Z,Wkwkwk helikopter gak tuh
@KenzoAufahugo,2025-08-29T09:31:09Z,Bentar bang andy kan buat game ini kan sama ank sma apakah yang dimaksud arydkrama??????
@Airaaaqt,2025-08-29T09:15:45Z,
@surriel8191,2025-08-29T09:05:54Z,Windah belum main ini game yaa?
@AdiRassya,2025-08-29T08:57:27Z,Bang regi main Roblox main grow a Garden bang regi
@RahmatlistantoHentu,2025-08-29T08:33:54Z,Bang gua sudah pernah nonton di bang Billy
@RahmatlistantoHentu,2025-08-29T08:33:36Z,Bang gua udah pernah nonton di bang Billy
@afz_nopal313,2025-08-29T08:31:35Z,Miawaug kok bagus banget bikin sedih
@KhalisaMaura-i8f,2025-08-29T08:24:06Z,Mantip tu nanti kaya
@Fiviangrhsptra,2025-08-29T08:05:51Z,Kak bukan penonton pertama tp penonton setiaaa
@Yaszajahh,2025-08-29T07:47:28Z,"a href""https:www.youtube.comwatch?vuNgCzh-WAx8amp;t1897""31:37a nasgor goreng"
@JustinA.w,2025-08-29T07:47:25Z,Bjirr nasgor goreng
@NeiraNurdiyanti,2025-08-29T07:17:07Z,Chef andalan 
@takjil777_Kamil,2025-08-29T07:02:01Z,"a href""https:www.youtube.comwatch?vuNgCzh-WAx8amp;t231""3:51a udah pajak naik ntar juga harus bayar air"
@NurAdraqayla,2025-08-29T07:00:42Z,Kayak nya ibunya bishbr
@MayaRatnasari-l2v,2025-08-29T06:52:37Z,Main game horor lagi woi
@FdcellCell-c2d,2025-08-29T06:27:37Z,sabun 
@Taruna_satribagas,2025-08-29T06:18:38Z,menit 25 miawaug malah nge rap
@christinadesiana1081,2025-08-29T06:09:47Z,Karegi main garten of banban 8 Karegi
@christinadesiana1081,2025-08-29T06:09:27Z,Karegi main garten of banban 8 Karegi
@meyrizka_gacha2,2025-08-29T06:06:00Z,Aku suka bgt game kayak begini yang ada unsur horror tapi tetep seru dan bikin laperr seru lihat nya kapan kapan main game kayak gini lagi ya kak miawaug 
@CIRCLE_BLACKPINK,2025-08-29T06:00:12Z,Bang gw kaget kan gw lagi minum dan tiba¬≤ air nya jatohh
@mie_gosyong,2025-08-29T05:55:18Z,Bang tinggal di mana aku sua sembada timur 4
@muhammadimron2772,2025-08-29T05:48:32Z,kak regi cobak main geme perang lagi aku suka soal nya
@Haii_Syinerss,2025-08-29T05:47:21Z,Di tempat ku nasi goreng 2 telor 10 rb kalo biasa 9 rb
@putfan5074,2025-08-29T05:15:05Z,miawAug suka nasi padang gak 
@AndaluciaBahrun,2025-08-29T04:48:54Z,raziaKudhLiKE
@LisdaWati-o1b,2025-08-29T04:36:25Z,Lo yg main gw yg dedekan
@aku_anakkingmighty,2025-08-29T04:29:22Z,"a href""https:www.youtube.comwatch?vuNgCzh-WAx8amp;t700""11:40a Mamamia leza-hits hard"
@argakhafid1347,2025-08-29T04:29:18Z,"a href""https:www.youtube.comwatch?vuNgCzh-WAx8amp;t2353""39:13a nama aku arga kak regi"
@DebyWorabay-j5s,2025-08-29T04:27:59Z,"a href""https:www.youtube.comwatch?vuNgCzh-WAx8amp;t696""11:36a nyetrum anjim "
@aku_anakkingmighty,2025-08-29T04:19:27Z,"a href""https:www.youtube.comwatch?vuNgCzh-WAx8amp;t174""2:54a Sabun apa tuchh"
@AkmalRizkhi,2025-08-29T04:13:07Z,Viktor: vikiran kotor
@astridkiraraervinnanda665,2025-08-29T04:10:22Z,"Di Jawa Timur or jawa tengah,, rata rata nasgor masih harga 10rb sampai 13 rb kalau dipinggir jalan nih bang"
@bettafish_jabodetabek,2025-08-29T03:36:31Z,Sad amat cerita si valeria
@kanevvans,2025-08-29T03:02:57Z,"a href""https:www.youtube.comwatch?vuNgCzh-WAx8amp;t1928""32:08a salfok banget udah nasgor masi ditambahin goreng"
@Mamaeza-u2z,2025-08-29T02:28:33Z,Reza Arya nama anak aku
@HantenioJinor-g1t,2025-08-29T02:17:42Z,Agak lain ibu nya
@temasem5804,2025-08-29T01:41:28Z,windahbasudara
@MARDOSxVILLAIN,2025-08-29T01:19:10Z,Miawaug adalah idola favorit ku
@tapchannels7720,2025-08-28T22:09:36Z,Hadir 
@deddyalxuchend6442,2025-08-28T16:21:25Z,Siaa ni yg udah lama nonton miawaug. Gue sejak dia mainin game horor. 2019 bukan sih?
@yusyumelkits2718,2025-08-28T15:34:10Z,"a href""https:www.youtube.comwatch?vuNgCzh-WAx8amp;t3916""1:05:16a dia garuk¬≤"
@HjTaslimah-w5j,2025-08-28T15:05:57Z,Hai kak regiii aku lagi nonton video mu pake 2 handphone ehe
@halimahtusadiyahwibowo3310,2025-08-28T14:57:58Z,aaaa so sadd ketika tahu bahwa mamanya udah meninggal sejak sebulan yg lalu ternyata kemunculan mamanya itu karena mau ngewarning anaknya untuk berhenti jualan supaya tetep aman
@aidalubis25,2025-08-28T14:35:46Z,atau ga main game toko makanan atau minuman gitu
@aidalubis25,2025-08-28T14:34:58Z,ka Regi main game super market simulator dong udah lama ga main 
@Michell87,2025-08-28T14:26:20Z,Tim yang lebih suka miawaug main game horor animasi kayak gini
@murayama-432,2025-08-28T14:24:58Z,Bang main game DEATH STRANDING dong
@TriWaluyo-wc5sk,2025-08-28T14:14:17Z,Ih goblok amat si miawaung 
